#{"t_start": 1784121635.9929411, "env_id": "FetchReachDense-v4"}
r,l,t
-9.400704,50,3.347103
-8.53434,50,3.503733
-11.121737,50,3.644167
-13.852227,50,3.78404
-5.180725,50,3.90684
-12.916567,50,4.049536
-8.324597,50,4.172402
-15.502321,50,4.290397
-7.508882,50,4.412433
-19.676528,50,4.547769
-12.842294,50,4.827484
-3.750325,50,4.957429
-12.456767,50,5.08095
-9.132815,50,5.206963
-10.134697,50,5.334122
-5.670837,50,5.447623
-12.961115,50,5.565022
-10.305203,50,5.679735
-7.317059,50,5.802885
-12.461825,50,5.930652
-5.785605,50,6.396347
-7.735381,50,6.60807
-15.929713,50,6.749762
-4.911365,50,6.915441
-13.186405,50,7.039977
-8.21151,50,7.186761
-9.850669,50,7.310826
-3.826423,50,7.43349
-18.56731,50,7.560784
-8.320097,50,7.683882
-9.605421,50,7.806604
-8.092216,50,7.920564
-5.9739,50,8.041962
-9.343818,50,8.17016
-11.44812,50,8.285933
-12.10744,50,8.403551
-7.997353,50,8.533206
-6.879691,50,8.69188
-11.947925,50,8.97513
-10.319829,50,9.108807
-10.330692,50,9.72242
-19.629284,50,10.133869
-8.982418,50,10.357373
-9.524037,50,10.582549
-16.129705,50,10.858421
-8.780004,50,11.048478
-19.875949,50,11.172267
-8.534208,50,11.292249
-7.072993,50,11.421663
-7.613844,50,11.534934
-9.552081,50,11.663862
-6.877212,50,11.82919
-6.944942,50,11.95618
-13.999439,50,12.089058
-8.256929,50,12.213588
-11.249619,50,12.355057
-8.129331,50,12.495721
-14.754028,50,12.612403
-16.377952,50,12.750545
-13.672215,50,12.99038
-19.058365,50,13.146168
-12.322484,50,13.806396
-9.380029,50,13.947621
-8.164446,50,14.085251
-6.627325,50,14.222666
-15.419575,50,14.360404
-10.357197,50,14.481112
-4.43496,50,14.702827
-8.272904,50,14.891455
-5.13677,50,15.030617
-9.736671,50,15.15458
-9.19213,50,15.279361
-13.088764,50,15.427995
-11.356117,50,15.57348
-11.406688,50,15.716902
-12.459868,50,15.930988
-10.423892,50,16.0721
-17.287159,50,16.200162
-11.678613,50,16.329383
-8.80967,50,16.453042
-14.283502,50,16.608312
-16.159789,50,17.287169
-4.183741,50,17.541077
-12.314385,50,17.684641
-15.412971,50,17.836956
-13.444368,50,17.979729
-10.779955,50,18.103483
-12.053902,50,18.252523
-7.059353,50,18.386988
-13.716081,50,18.501531
-6.4845,50,18.687964
-7.239891,50,18.824093
-9.867092,50,18.989253
-9.614526,50,19.12935
-9.315058,50,19.277811
-9.720418,50,19.419708
-10.953847,50,19.553855
-8.740419,50,19.786303
-16.881448,50,19.951358
-4.457442,50,20.086206
-7.960233,50,20.238914
-11.03304,50,20.372447
-10.759566,50,20.88202
-7.553393,50,21.037789
-6.88924,50,21.166871
-8.624919,50,21.324697
-9.249903,50,21.472585
-9.924301,50,21.652145
-9.257494,50,21.818717
-11.759318,50,21.980945
-21.261097,50,22.135375
-7.681681,50,22.263076
-8.281895,50,22.393194
-11.664499,50,22.549979
-15.497904,50,22.705348
-11.329831,50,22.865336
-6.045265,50,23.004208
-6.614754,50,23.132361
-10.933867,50,23.277148
-8.369991,50,23.398111
-19.435131,50,23.560114
-7.860237,50,23.695042
-7.856562,50,24.456009
-11.859217,50,24.752783
-6.472153,50,24.965526
-6.01517,50,25.165185
-13.261669,50,25.354206
-9.904623,50,25.49952
-8.791823,50,25.702692
-11.440939,50,25.982035
-9.03864,50,26.183198
-6.904933,50,26.341755
-7.800485,50,26.472379
-11.230332,50,26.618187
-11.612996,50,26.778589
-10.979977,50,26.920992
-7.866638,50,27.075975
-12.41735,50,27.201588
-14.162785,50,27.330752
-14.551023,50,27.460209
-15.499835,50,27.611336
-10.062344,50,27.746595
-5.065429,50,28.000365
-11.848913,50,28.651698
-7.133101,50,28.847561
-8.07015,50,29.030239
-11.677524,50,29.171544
-10.03281,50,29.3387
-12.224841,50,29.471211
-9.370985,50,29.599222
-11.986344,50,29.753918
-12.713361,50,29.899579
-16.734582,50,30.030195
-7.168,50,30.181321
-16.276258,50,30.322838
-13.453658,50,30.454729
-8.230699,50,30.594896
-12.068238,50,30.755163
-6.866554,50,30.912713
-6.188624,50,31.029028
-7.452051,50,31.14569
-5.954644,50,31.29033
-8.292194,50,31.414765
-14.497189,50,31.860645
-10.2192,50,32.030684
-8.889163,50,32.154283
-12.806186,50,32.285699
-13.419251,50,32.423966
-7.614532,50,32.552892
-10.205541,50,32.681427
-7.629537,50,32.841282
-12.078469,50,32.967484
-8.622899,50,33.092813
-16.258074,50,33.232881
-13.586347,50,33.358994
-11.672757,50,33.478217
-11.945685,50,33.618552
-6.403301,50,33.748214
-8.178679,50,33.892935
-11.834185,50,34.019852
-11.347465,50,34.155989
-10.321395,50,34.28742
-11.932709,50,34.425334
-7.455071,50,34.543548
-10.043345,50,35.0065
-5.210762,50,35.163705
-7.683242,50,35.288605
-8.166994,50,35.419267
-6.867994,50,35.55204
-10.964415,50,35.676781
-5.091436,50,35.82708
-8.39272,50,35.95101
-9.948031,50,36.071938
-8.666823,50,36.19069
-10.33066,50,36.324343
-9.653684,50,36.443123
-15.936178,50,36.563028
-8.710829,50,36.702415
-15.54782,50,36.856553
-11.995723,50,36.977357
-9.647662,50,37.095376
-9.695691,50,37.22688
-10.173394,50,37.382453
-5.67432,50,37.525126
-11.193783,50,38.028426
-8.388104,50,38.196305
-10.340698,50,38.339278
-8.072356,50,38.585733
-5.650518,50,38.762487
-6.967619,50,38.920918
-8.04381,50,39.049317
-14.619712,50,39.180924
-10.982434,50,39.299977
-9.321188,50,39.435862
-11.798442,50,39.565979
-10.757886,50,39.714358
-10.397003,50,39.880168
-12.319818,50,40.033305
-11.521001,50,40.187779
-7.534444,50,40.332275
-14.661318,50,40.488186
-7.612238,50,40.652896
-12.330128,50,40.822319
-12.321753,50,40.960798
-7.865652,50,41.090052
-6.530788,50,41.611324
-13.90899,50,41.788506
-7.206231,50,41.954869
-15.884894,50,42.101119
-7.53691,50,42.306049
-11.158361,50,42.558771
-14.182937,50,42.685154
-7.805298,50,42.826482
-9.840679,50,42.985774
-6.954015,50,43.116811
-11.565148,50,43.257239
-5.359888,50,43.379421
-11.238472,50,43.511259
-8.757078,50,43.648314
-11.289947,50,43.793847
-15.087553,50,43.935116
-12.184681,50,44.069891
-7.67173,50,44.22244
-8.408696,50,44.354869
-13.773497,50,44.512378
-12.830076,50,44.971907
-8.276172,50,45.188549
-7.742091,50,45.382431
-5.96566,50,45.591534
-7.920576,50,45.748334
-3.57242,50,45.992902
-9.081364,50,46.165063
-10.173768,50,46.339638
-6.929531,50,46.454643
-7.947963,50,46.604781
-12.925274,50,46.771891
-5.814586,50,46.93788
-11.27614,50,47.098115
-9.364279,50,47.224962
-6.193243,50,47.354347
-9.049734,50,47.484157
-12.015603,50,47.63875
-7.50449,50,47.775817
-6.61015,50,47.915128
-8.909574,50,48.044868
-9.33914,50,48.191492
-12.854764,50,48.857866
-7.351363,50,49.036743
-7.024448,50,49.201733
-13.030275,50,49.334156
-11.470677,50,49.4821
-9.976875,50,49.608908
-6.718207,50,49.740544
-7.341561,50,49.906407
-8.958188,50,50.037726
-6.564085,50,50.168901
-7.906623,50,50.289332
-8.903043,50,50.417084
-9.631316,50,50.566895
-7.588766,50,50.693058
-14.384825,50,50.836327
-11.770969,50,50.976761
-7.152228,50,51.104063
-11.973445,50,51.228955
-6.630837,50,51.363431
-9.700205,50,51.503938
-7.487682,50,52.02923
-4.736765,50,52.206501
-10.801589,50,52.340871
-8.423039,50,52.477126
-9.931178,50,52.650053
-8.93137,50,52.789236
-8.433503,50,52.940705
-4.601999,50,53.06349
-5.158647,50,53.186448
-10.946984,50,53.317124
-7.126166,50,53.455741
-5.972873,50,53.596455
-8.732947,50,53.721685
-5.165579,50,53.879563
-5.649935,50,54.01769
-9.322511,50,54.162114
-12.280954,50,54.293175
-12.357916,50,54.414305
-5.385655,50,54.546519
-11.743812,50,54.674585
-8.326827,50,54.82041
-8.448599,50,55.314928
-8.38408,50,55.455394
-8.334022,50,55.583846
-5.654428,50,55.716296
-6.795506,50,55.8868
-11.573116,50,56.091868
-12.072367,50,56.234759
-7.290855,50,56.369345
-11.759762,50,56.496303
-3.631641,50,56.60857
-7.104026,50,56.755754
-8.563905,50,56.897799
-7.906427,50,57.019703
-4.237675,50,57.147711
-15.349568,50,57.266699
-7.403981,50,57.395867
-8.096431,50,57.522059
-7.826051,50,57.673182
-5.038323,50,57.848473
-9.927107,50,57.983608
-6.664129,50,58.77985
-7.781131,50,58.98694
-7.044354,50,59.118648
-5.047838,50,59.249198
-11.805366,50,59.382118
-10.117682,50,59.512164
-10.557939,50,59.666552
-5.45331,50,59.866725
-6.951955,50,60.096931
-6.336273,50,60.240585
-8.488587,50,60.383926
-11.563973,50,60.520741
-9.854455,50,60.636894
-14.083479,50,60.759722
-5.52127,50,60.895296
-5.446482,50,61.030419
-8.922835,50,61.264312
-5.290018,50,61.413202
-7.375488,50,61.543616
-11.591543,50,61.766933
-4.22836,50,61.974163
-5.329508,50,62.518132
-6.039598,50,62.690751
-9.422209,50,62.833672
-8.914217,50,62.975199
-10.464661,50,63.117798
-5.011116,50,63.255865
-4.392393,50,63.383775
-7.612769,50,63.502286
-11.935597,50,63.624691
-7.576804,50,63.773032
-7.604347,50,63.957186
-3.263082,50,64.120383
-9.440035,50,64.259397
-12.778333,50,64.389516
-5.196708,50,64.515934
-7.236553,50,64.683995
-6.74933,50,64.84848
-4.220474,50,65.017682
-8.219257,50,65.219601
-4.868897,50,65.422774
-10.116112,50,66.114068
-4.92367,50,66.472677
-6.263936,50,66.765359
-10.986564,50,66.981009
-5.312929,50,67.129033
-7.465088,50,67.274962
-9.772708,50,67.410025
-6.311601,50,67.535993
-10.79402,50,67.664744
-9.76342,50,67.872839
-8.293494,50,68.156776
-10.17071,50,68.410423
-5.484367,50,68.642962
-7.467222,50,68.901325
-6.512979,50,69.138631
-10.339607,50,69.338365
-5.36229,50,69.590151
-8.13895,50,69.837991
-5.923367,50,70.072874
-6.903108,50,70.300627
-6.873117,50,70.567136
-6.464426,50,71.710635
-5.859081,50,72.076345
-6.647323,50,72.318764
-4.410234,50,72.551378
-6.602824,50,72.797326
-6.106884,50,73.049576
-7.030951,50,73.291136
-6.988399,50,73.504843
-10.346827,50,73.794389
-2.927813,50,74.108849
-5.078189,50,74.341627
-10.136047,50,74.589424
-7.544722,50,74.874983
-6.871129,50,75.065696
-6.538626,50,75.252087
-3.794206,50,75.421292
-7.111066,50,75.600465
-11.873343,50,75.787531
-6.455372,50,76.060945
-6.777568,50,76.258787
-7.070403,50,76.816903
-4.524273,50,77.041065
-8.149635,50,77.207164
-5.5587,50,77.364495
-4.948656,50,77.603385
-5.767485,50,77.745725
-5.524349,50,77.931287
-4.878285,50,78.100711
-9.852437,50,78.245989
-7.489088,50,78.371286
-7.057124,50,78.615999
-5.085755,50,78.863248
-4.951386,50,79.012287
-10.190929,50,79.159475
-4.439495,50,79.330415
-8.97777,50,79.52452
-6.033628,50,79.703631
-4.976484,50,79.841629
-6.681244,50,79.985542
-5.738489,50,80.104002
-4.200802,50,80.225522
-4.72738,50,80.93432
-4.407343,50,81.101363
-6.573416,50,81.242341
-5.449287,50,81.383734
-6.27848,50,81.503099
-4.404138,50,81.625295
-6.259752,50,81.746503
-6.543332,50,81.898573
-6.28192,50,82.031289
-6.3841,50,82.168671
-5.611022,50,82.513659
-10.354767,50,82.686483
-3.493345,50,82.881814
-8.740873,50,83.035333
-10.804464,50,83.170038
-7.576105,50,83.305514
-4.71637,50,83.431808
-7.399624,50,83.569293
-5.77736,50,83.755251
-4.701759,50,83.981676
-5.123115,50,84.625703
-4.719404,50,84.843606
-9.014096,50,85.020046
-5.238265,50,85.155867
-5.543575,50,85.289098
-6.268598,50,85.443629
-4.636494,50,85.644123
-5.598507,50,85.844891
-5.472085,50,86.006907
-5.734524,50,86.13701
-6.010187,50,86.286437
-5.373674,50,86.429007
-7.4742,50,86.568141
-11.138297,50,86.692831
-8.236516,50,86.87204
-10.050579,50,87.015909
-5.873614,50,87.196339
-8.343801,50,87.345774
-10.179158,50,87.475795
-7.674907,50,87.607304
-6.967783,50,87.737701
-9.098859,50,88.19971
-5.332797,50,88.342695
-6.15239,50,88.462543
-3.520906,50,88.591683
-7.580245,50,88.726636
-5.91453,50,88.876268
-8.83905,50,89.011207
-5.654928,50,89.182372
-11.40007,50,89.314369
-6.774998,50,89.446064
-3.986917,50,89.597883
-7.905609,50,89.720027
-4.985078,50,89.861506
-5.187307,50,89.991706
-4.568615,50,90.134169
-6.313625,50,90.257488
-5.56421,50,90.385068
-4.559436,50,90.502862
-3.773249,50,90.636767
-9.08053,50,90.761974
-4.693438,50,91.285532
-8.573212,50,91.448208
-5.726758,50,91.577287
-4.437339,50,91.710904
-5.551799,50,91.863783
-3.60317,50,91.999894
-8.223681,50,92.133015
-5.711458,50,92.259805
-6.452759,50,92.397259
-5.139021,50,92.538738
-5.08448,50,92.665116
-4.067292,50,92.834445
-5.676219,50,92.985498
-6.428658,50,93.120167
-5.092708,50,93.255127
-7.712613,50,93.385943
-5.346742,50,93.507012
-5.687287,50,93.640792
-4.463514,50,93.784992
-6.12218,50,93.951001
-5.242032,50,94.12612
-7.472627,50,94.76238
-5.714204,50,94.981956
-5.366159,50,95.164144
-5.428333,50,95.309293
-4.828382,50,95.456938
-5.942817,50,95.578813
-5.344532,50,95.717959
-6.430709,50,95.861833
-5.299242,50,95.994613
-5.527505,50,96.123696
-6.160259,50,96.275944
-7.888131,50,96.425244
-5.153237,50,96.559498
-8.367027,50,96.720287
-7.285507,50,96.884598
-5.487506,50,97.059757
-5.914101,50,97.187592
-4.049088,50,97.340197
-5.582753,50,97.484836
-4.264537,50,97.612514
-6.508845,50,98.26126
-4.776387,50,98.41792
-2.789082,50,98.55429
-4.39625,50,98.685438
-7.241544,50,98.947048
-4.620977,50,99.166646
-5.037257,50,99.343709
-4.511637,50,99.49593
-5.186866,50,99.718267
-6.800372,50,99.936182
-6.014937,50,100.188952
-6.534528,50,100.447104
-7.970417,50,100.675287
-6.271877,50,100.902593
-8.572709,50,101.068278
-7.227073,50,101.208699
-6.372894,50,101.342834
-7.516051,50,101.470517
-3.445684,50,101.607791
-3.934739,50,101.735974
-7.233746,50,102.178412
-4.610982,50,102.371658
-6.011368,50,102.496775
-5.063353,50,102.62641
-7.234309,50,102.76103
-3.991135,50,102.938794
-7.249562,50,103.06667
-4.155267,50,103.202441
-5.343987,50,103.357971
-3.379243,50,103.510347
-6.310811,50,103.64619
-6.342217,50,103.816294
-4.051857,50,104.039132
-4.632597,50,104.253682
-4.733351,50,104.437315
-8.030156,50,104.82049
-4.612939,50,104.983786
-3.543693,50,105.157457
-5.687008,50,105.349442
-9.321149,50,105.520488
-3.794121,50,105.656514
-3.610365,50,106.229185
-3.383821,50,106.39773
-6.088593,50,106.539737
-5.815319,50,106.696082
-5.019217,50,106.892331
-5.89304,50,107.112505
-4.361342,50,107.285219
-4.445823,50,107.45182
-6.560775,50,107.686464
-4.828296,50,107.823154
-3.121647,50,107.955488
-5.355478,50,108.087296
-4.009713,50,108.216475
-3.353266,50,108.340537
-3.669232,50,108.484063
-4.704616,50,108.647673
-4.493821,50,108.804733
-3.370216,50,108.943977
-6.244835,50,109.106936
-4.760125,50,109.282506
-8.384335,50,109.956341
-4.769951,50,110.187796
-2.873785,50,110.310955
-4.538999,50,110.440464
-3.817301,50,110.579131
-4.402217,50,110.70865
-4.67506,50,110.856427
-4.02585,50,111.027763
-4.85208,50,111.160097
-5.117084,50,111.291634
-3.72068,50,111.426288
-6.875825,50,111.556475
-3.844882,50,111.704634
-4.798702,50,111.953898
-5.753262,50,112.182961
-6.426212,50,112.334159
-4.691385,50,112.505781
-3.814029,50,112.692842
-4.931799,50,113.092616
-5.582032,50,113.322369
-5.390287,50,113.70361
-5.47032,50,114.577549
-4.584517,50,114.850111
-2.791541,50,115.012026
-4.452021,50,115.138176
-3.650858,50,115.269228
-2.845754,50,115.437821
-4.874264,50,115.578311
-5.638116,50,115.711235
-4.473414,50,115.869406
-4.623613,50,115.989072
-6.635505,50,116.119842
-4.422283,50,116.268095
-5.073509,50,116.726157
-5.140078,50,117.242001
-2.464531,50,117.653699
-6.515934,50,118.131882
-5.788979,50,118.693867
-4.961702,50,119.222548
-4.370192,50,119.626508
-5.391708,50,120.108297
-3.67711,50,121.539717
-3.358571,50,122.137465
-4.746989,50,122.616177
-5.602604,50,123.097867
-4.360857,50,123.647594
-4.459027,50,124.274967
-4.405409,50,124.826537
-4.001015,50,125.341222
-3.383455,50,125.792937
-4.181024,50,126.250199
-4.318963,50,126.655341
-4.869311,50,127.069921
-4.033221,50,127.504927
-3.200995,50,127.979056
-4.94312,50,128.371881
-6.056175,50,128.71814
-6.649532,50,128.951231
-4.036549,50,129.138773
-5.509118,50,129.478038
-2.836151,50,129.714611
-4.844255,50,129.972583
-5.369078,50,130.859405
-3.856242,50,131.100722
-4.265039,50,131.339911
-4.272233,50,131.5625
-4.132016,50,131.696815
-5.324504,50,131.85307
-4.3495,50,132.043522
-3.211269,50,132.261959
-4.120026,50,132.494874
-4.367721,50,132.691398
-4.138594,50,132.897029
-3.478095,50,133.073778
-5.156225,50,133.212912
-4.4408,50,133.364814
-3.2974,50,133.524261
-5.382402,50,133.669348
-4.204281,50,133.818228
-5.088845,50,133.979028
-4.922227,50,134.127873
-5.009665,50,134.260384
-2.533858,50,134.849135
-4.649525,50,135.104994
-4.022322,50,135.269283
-5.078831,50,135.462915
-3.2654,50,135.743499
-4.59862,50,135.922941
-4.48162,50,136.067305
-3.326174,50,136.216235
-4.797445,50,136.358351
-4.540241,50,136.498259
-3.89783,50,136.638141
-3.597118,50,136.815834
-4.514306,50,136.959138
-3.802054,50,137.098148
-4.284091,50,137.238578
-4.503674,50,137.398327
-4.419521,50,137.551731
-3.246209,50,137.676935
-5.56918,50,137.825434
-3.366643,50,137.960483
-4.071768,50,138.102951
-3.363278,50,138.598984
-2.367218,50,138.761468
-4.169562,50,138.928455
-4.233463,50,139.072533
-4.293606,50,139.259765
-2.969812,50,139.523982
-3.857812,50,139.774838
-3.218821,50,139.971797
-4.45711,50,140.098615
-3.871724,50,140.247251
-4.158896,50,140.382784
-3.861459,50,140.512609
-3.22815,50,140.649383
-3.416798,50,140.804449
-4.418223,50,140.948932
-3.162088,50,141.076125
-3.714946,50,141.212442
-3.492212,50,141.338035
-3.571487,50,141.467494
-3.489743,50,141.603828
-3.615683,50,142.118085
-4.792791,50,142.298817
-3.769184,50,142.438395
-3.657364,50,142.591059
-4.284723,50,142.733065
-3.295517,50,142.882285
-3.945309,50,143.011232
-2.388844,50,143.149463
-3.513899,50,143.270513
-4.048689,50,143.396433
-4.147438,50,143.518592
-3.071582,50,143.656551
-4.801207,50,143.804806
-3.902671,50,143.937783
-3.07908,50,144.083862
-4.296172,50,144.220166
-3.193594,50,144.366986
-2.910398,50,144.496483
-3.170411,50,144.629608
-3.663091,50,144.760422
-3.903917,50,144.962688
-5.006792,50,145.436557
-3.023538,50,145.596849
-4.234023,50,145.722275
-3.289677,50,145.870667
-4.456349,50,146.016227
-3.319093,50,146.18272
-4.2618,50,146.324445
-3.22575,50,146.484701
-2.96488,50,146.699471
-3.374269,50,146.846232
-3.670855,50,146.976887
-3.618402,50,147.11588
-2.966196,50,147.257949
-3.735992,50,147.38381
-6.28311,50,147.525613
-4.083555,50,147.649916
-3.934054,50,147.78474
-4.495633,50,147.928627
-4.023848,50,148.058419
-4.73634,50,148.180849
-4.501554,50,148.617883
-4.641115,50,148.800232
-3.342508,50,148.954239
-3.143972,50,149.07849
-3.343049,50,149.251499
-3.11983,50,149.399065
-4.185389,50,149.523519
-3.061721,50,149.666616
-3.946641,50,149.825835
-4.007353,50,149.995333
-3.059169,50,150.133465
-3.836212,50,150.275448
-3.424097,50,150.39992
-4.613958,50,150.519438
-2.884885,50,150.644681
-2.244821,50,150.771456
-4.179827,50,150.925796
-3.258084,50,151.071069
-4.099456,50,151.215061
-4.043777,50,151.326631
-3.035098,50,151.450278
-3.012569,50,151.933555
-3.031371,50,152.074895
-4.015186,50,152.201655
-3.79962,50,152.344922
-3.132013,50,152.469766
-4.10338,50,152.606168
-3.812567,50,152.730957
-3.221474,50,152.866906
-3.717611,50,152.991529
-2.946745,50,153.138095
-3.546998,50,153.255064
-2.677186,50,153.379119
-3.416807,50,153.503451
-2.726837,50,153.648931
-3.503531,50,153.768283
-3.433392,50,153.912282
-4.091611,50,154.060418
-3.868417,50,154.195986
-3.007486,50,154.317984
-3.392588,50,154.447716
-3.856977,50,155.041512
-3.295379,50,155.305135
-2.846381,50,155.580493
-2.695955,50,155.740733
-3.088776,50,155.899764
-4.81087,50,156.028275
-2.986527,50,156.165271
-4.533377,50,156.30415
-2.973478,50,156.435951
-3.015725,50,156.562269
-3.359016,50,156.726331
-5.236012,50,156.963857
-4.065466,50,157.084065
-4.070759,50,157.215666
-4.615142,50,157.334844
-3.51115,50,157.458209
-2.775566,50,157.588531
-3.988413,50,157.71482
-5.098988,50,157.859503
-2.702714,50,157.9879
-4.321585,50,158.130611
-2.880333,50,158.730511
-3.456712,50,159.093187
-3.035932,50,159.29141
-3.727442,50,159.421412
-3.506885,50,159.561162
-3.735543,50,159.699499
-3.381887,50,159.860831
-2.633639,50,159.984176
-3.377609,50,160.128785
-4.023766,50,160.250325
-2.973751,50,160.396353
-3.019965,50,160.527611
-4.074017,50,160.672515
-3.528322,50,160.823877
-2.486173,50,161.025491
-3.638348,50,161.209997
-3.028772,50,161.35102
-3.249873,50,161.475265
-3.912181,50,161.63787
-2.954697,50,161.805806
-2.911286,50,162.49546
-3.051317,50,162.680004
-3.30414,50,162.845255
-3.979527,50,162.959946
-3.094455,50,163.098934
-5.192867,50,163.24509
-2.40527,50,163.37192
-3.792351,50,163.515407
-2.554546,50,163.652053
-3.521277,50,163.795307
-3.41971,50,163.934745
-3.38561,50,164.056789
-2.826343,50,164.188082
-3.744595,50,164.341243
-3.199543,50,164.482097
-2.370222,50,164.62129
-4.58561,50,164.746212
-3.431123,50,164.916449
-3.268,50,165.03493
-3.074032,50,165.16569
-2.867379,50,165.306418
-3.343038,50,165.807674
-3.513,50,165.973764
-3.195358,50,166.169125
-3.080077,50,166.313787
-2.467592,50,166.438898
-4.020458,50,166.570325
-3.631553,50,166.693973
-2.450038,50,166.855356
-3.362449,50,167.001787
-3.472372,50,167.127556
-3.661173,50,167.244149
-2.459193,50,167.395145
-3.227445,50,167.58252
-3.469492,50,167.760847
-3.134216,50,167.930152
-3.332922,50,168.176568
-4.065137,50,168.404957
-3.246679,50,168.684849
-2.365203,50,168.984438
-3.177415,50,169.260216
-3.272002,50,169.785365
-2.831659,50,170.046343
-3.514852,50,170.173808
-4.07943,50,170.444724
-3.32421,50,170.800318
-2.944098,50,171.143496
-3.353123,50,171.439588
-3.446555,50,171.679282
-3.026494,50,171.912969
-2.706404,50,172.088139
-2.758559,50,172.261698
-3.428626,50,172.430942
-2.871411,50,172.629697
-2.844974,50,172.880487
-2.778669,50,173.016046
-3.532912,50,173.161803
-3.23163,50,173.326509
-4.257906,50,173.462169
-2.490734,50,173.643106
-3.281205,50,173.840416
-3.044719,50,173.972497
-2.859714,50,174.634953
-2.656042,50,174.907934
-3.165553,50,175.206115
-3.682306,50,175.566357
-3.133531,50,175.997518
-3.059809,50,176.218408
-3.219591,50,176.374135
-2.163671,50,176.560601
-3.192984,50,176.752933
-3.270879,50,176.962398
-2.579194,50,177.233598
-2.180961,50,177.518043
-3.189206,50,177.706534
-3.475634,50,177.867451
-2.983232,50,178.048227
-2.839944,50,178.215904
-2.588396,50,178.373025
-4.143385,50,178.506038
-2.95198,50,178.641186
-2.771511,50,178.835499
-3.600969,50,179.63498
-2.606425,50,179.882658
-3.111522,50,180.052848
-3.256724,50,180.213308
-2.689019,50,180.364471
-2.919799,50,180.513084
-2.692664,50,180.645149
-3.014751,50,180.778175
-2.444728,50,181.038713
-2.901602,50,181.430236
-3.828939,50,181.556654
-2.680219,50,181.716462
-3.347615,50,181.859204
-2.573138,50,181.998812
-2.858746,50,182.166216
-2.72662,50,182.317063
-2.796558,50,182.451992
-2.818358,50,182.594737
-3.075275,50,182.738492
-3.410134,50,182.907282
-4.348102,50,183.026251
-2.25483,50,183.733352
-3.559487,50,184.051043
-2.92708,50,184.298241
-2.498453,50,184.476871
-3.373581,50,184.653413
-2.469956,50,184.826885
-2.507086,50,184.998374
-3.345053,50,185.134746
-2.973898,50,185.26431
-2.781913,50,185.410024
-2.949801,50,185.545987
-2.508791,50,185.876422
-3.528107,50,186.110667
-2.948371,50,186.403045
-2.985575,50,186.608356
-2.453101,50,186.779199
-2.917465,50,186.998006
-2.795051,50,187.137483
-2.799373,50,187.285966
-3.031192,50,187.410514
-3.055117,50,188.254044
-2.436303,50,188.595233
-3.605662,50,188.920432
-2.277261,50,189.242082
-2.766053,50,189.48871
-3.123001,50,189.654466
-3.615762,50,189.824322
-3.099877,50,190.006511
-2.679428,50,190.145053
-4.183141,50,190.294327
-3.440978,50,190.550409
-3.871885,50,190.819145
-2.758904,50,191.060791
-2.485127,50,191.206551
-2.79649,50,191.333648
-2.804128,50,191.482203
-2.671835,50,191.627834
-3.297767,50,191.797531
-2.883632,50,191.990546
-2.448756,50,192.251075
-3.719383,50,192.462217
-2.650483,50,193.401148
-3.078618,50,193.580917
-2.866808,50,193.725682
-2.926062,50,193.882397
-3.141378,50,194.041762
-3.139599,50,194.207287
-2.662104,50,194.400269
-3.112049,50,194.631889
-3.500522,50,194.759338
-2.547593,50,194.884226
-3.008633,50,194.996737
-2.836487,50,195.12718
-2.905245,50,195.253768
-2.748,50,195.38582
-3.821253,50,195.497786
-2.985824,50,195.628441
-2.887303,50,195.75111
-2.645444,50,195.881533
-3.861089,50,196.018034
-2.895728,50,196.1492
-2.737333,50,196.731334
-2.593796,50,196.913616
-2.927407,50,197.075974
-2.966808,50,197.269388
-2.426163,50,197.428199
-2.89864,50,197.601438
-2.622808,50,197.765849
-2.552986,50,197.96816
-3.014729,50,198.103962
-2.970645,50,198.265842
-3.049042,50,198.413375
-2.777799,50,198.542045
-2.63151,50,198.686747
-3.658696,50,198.863555
-3.560339,50,199.025285
-2.271627,50,199.179696
-2.670368,50,199.317913
-2.796965,50,199.464279
-2.536929,50,199.608334
-2.757223,50,199.743477
-3.050256,50,199.904994
-2.31336,50,200.63791
-3.081552,50,200.843616
-2.601527,50,200.996683
-2.777584,50,201.139722
-2.354555,50,201.284566
-2.986363,50,201.419077
-2.892002,50,201.542768
-3.022308,50,201.682256
-2.65833,50,201.995661
-2.449164,50,202.172961
-2.475956,50,202.299042
-2.735655,50,202.438595
-2.772533,50,202.59184
-2.830728,50,202.723855
-1.767439,50,202.869916
-2.47363,50,202.998127
-2.884918,50,203.151295
-2.801315,50,203.283435
-2.544818,50,203.410525
-2.60498,50,203.529172
-2.675113,50,204.079391
-2.726945,50,204.241105
-2.267901,50,204.396416
-2.624466,50,204.563169
-2.408281,50,204.689787
-2.746034,50,204.847142
-3.182967,50,204.985415
-2.892826,50,205.110361
-3.447223,50,205.242692
-2.732899,50,205.368442
-2.324344,50,205.488831
-2.131924,50,205.61892
-3.175673,50,205.749285
-2.849334,50,205.979387
-2.64195,50,206.137407
-3.183612,50,206.27578
-2.940669,50,206.398979
-3.331389,50,206.549305
-1.961947,50,206.680867
-3.297257,50,206.823588
-2.467661,50,207.316146
-2.571151,50,207.543763
-3.183601,50,207.682002
-3.134475,50,207.816345
-3.65926,50,207.951596
-2.564601,50,208.110127
-2.365366,50,208.25141
-2.616232,50,208.388921
-2.866543,50,208.523734
-2.358615,50,208.677144
-2.066833,50,208.813385
-2.143831,50,208.956779
-2.474158,50,209.084373
-2.335622,50,209.216777
-2.235519,50,209.352597
-2.823118,50,209.500898
-2.576865,50,209.635879
-2.468063,50,209.75612
-2.445033,50,209.89433
-2.815215,50,210.020183
-2.341924,50,210.168115
-2.439344,50,210.634665
-1.960334,50,210.793626
-2.471719,50,210.916366
-2.156124,50,211.052981
-2.578806,50,211.183745
-3.002182,50,211.29405
-2.504387,50,211.411145
-2.687378,50,211.538532
-2.411417,50,211.677304
-2.147956,50,211.811396
-2.132226,50,211.92538
-2.290357,50,212.045382
-2.780026,50,212.163454
-2.398284,50,212.277167
-2.562943,50,212.403907
-2.807416,50,212.534951
-2.574097,50,212.680216
-2.449723,50,212.813774
-2.803684,50,212.958464
-2.776782,50,213.074361
-2.149229,50,213.681957
-2.689146,50,213.952965
-2.219639,50,214.071872
-2.565983,50,214.291891
-2.454294,50,214.431141
-2.791504,50,214.616934
-2.13755,50,214.838153
-2.615338,50,214.962123
-2.690389,50,215.101964
-2.235772,50,215.239823
-2.758073,50,215.411081
-2.316431,50,215.677511
-2.534371,50,216.030602
-2.102931,50,216.219783
-2.518843,50,216.382117
-2.582782,50,216.531185
-2.58643,50,216.67211
-2.242021,50,216.944402
-2.515935,50,217.148995
-2.848967,50,217.308582
-4.015247,50,217.477623
-2.99879,50,218.160483
-2.843555,50,218.312468
-2.281517,50,218.539834
-2.468109,50,218.742163
-2.525161,50,218.948847
-2.958885,50,219.09773
-2.585181,50,219.244727
-2.523349,50,219.411666
-2.601149,50,219.573464
-2.389412,50,219.736484
-1.968859,50,219.897968
-2.511448,50,220.036463
-2.188145,50,220.178278
-3.434138,50,220.320871
-2.476733,50,220.592334
-2.183254,50,221.024816
-2.710222,50,221.553988
-2.764291,50,221.846044
-2.885716,50,222.169058
-2.010865,50,222.468153
-2.162828,50,223.692496
-2.565978,50,224.15288
-2.20426,50,224.408648
-2.159387,50,224.639508
-2.698732,50,224.850364
-2.742359,50,225.0778
-2.493978,50,225.355479
-2.250112,50,225.686152
-2.369405,50,226.063613
-2.059534,50,226.389041
-2.715347,50,226.748484
-2.694769,50,227.122722
-2.377665,50,227.462023
-2.455355,50,227.730126
-2.808198,50,228.020108
-2.415799,50,228.373293
-2.573842,50,228.829942
-2.608245,50,229.345662
-1.532798,50,229.637994
-2.37889,50,229.979512
-2.406243,50,230.232684
-2.476764,50,231.753953
-1.960971,50,232.223408
-2.094126,50,232.629844
-3.025701,50,232.988109
-2.719363,50,233.254161
-2.046447,50,233.5988
-2.596285,50,233.888818
-2.324243,50,234.215484
-2.002487,50,234.520795
-2.041209,50,234.725619
-2.141872,50,234.941932
-1.983029,50,235.125831
-2.555732,50,235.355496
-2.11961,50,235.629237
-2.256563,50,235.825995
-1.918213,50,236.047924
-2.18405,50,236.243982
-2.157602,50,236.444827
-2.429014,50,236.709873
-1.778941,50,236.929896
-2.405132,50,238.478086
-2.359268,50,238.826819
-2.294946,50,239.121899
-2.490337,50,239.490803
-2.272351,50,239.76552
-2.617933,50,240.030041
-2.407058,50,240.430945
-2.442971,50,240.781828
-2.149624,50,241.047736
-2.233275,50,241.414046
-2.488163,50,241.911556
-2.797252,50,242.332268
-2.379751,50,242.672096
-2.600166,50,242.996105
-2.632871,50,243.292861
-2.17158,50,243.515738
-2.342708,50,243.793067
-2.02398,50,244.103089
-1.953466,50,244.361429
-2.72575,50,244.68095
-2.084467,50,245.072349
-2.558837,50,246.22698
-1.978359,50,246.591558
-2.639004,50,246.919225
-2.370743,50,247.216808
-2.566105,50,247.448948
-2.396906,50,247.735651
-2.978916,50,248.07884
-2.122466,50,248.281109
-2.622236,50,248.614995
-2.158302,50,249.009062
-1.953517,50,249.351234
-2.517501,50,249.750679
-2.801688,50,250.156638
-2.303223,50,250.480405
-2.267924,50,250.697502
-2.265243,50,250.890363
-2.676177,50,251.066922
-2.06832,50,251.229474
-2.404963,50,251.510875
-1.923546,50,251.672141
-2.305945,50,252.642906
-2.1194,50,253.005048
-1.943824,50,253.340088
-2.160421,50,253.612748
-2.441691,50,254.006111
-2.697907,50,254.347083
-2.178373,50,254.785295
-2.764395,50,255.193392
-2.681719,50,255.544868
-2.287685,50,256.014996
-2.491356,50,256.51936
-2.615833,50,256.819708
-1.984048,50,257.094901
-2.477651,50,257.569731
-2.164544,50,258.096372
-2.451946,50,258.573707
-1.918603,50,259.061023
-2.441743,50,259.575658
-2.236846,50,260.30414
-2.371275,50,260.982315
-2.010556,50,261.524136
-2.114448,50,265.083743
-2.280789,50,265.436252
-2.754013,50,265.784599
-2.545587,50,266.185419
-2.230148,50,266.530915
-2.450342,50,266.977746
-2.096684,50,267.284062
-2.607903,50,267.570381
-2.539359,50,267.845423
-2.235942,50,268.140559
-2.563,50,268.410156
-2.489501,50,268.720116
-2.503531,50,269.038344
-2.818888,50,269.264963
-2.488895,50,269.430235
-2.291551,50,269.67018
-1.628748,50,269.839677
-2.881946,50,270.007735
-2.254188,50,270.176711
-2.447051,50,270.388548
-2.107031,50,271.175624
-2.289653,50,271.437793
-2.486073,50,271.676987
-2.392554,50,271.951533
-2.219848,50,272.16628
-1.921281,50,272.364288
-1.896464,50,272.54388
-2.291941,50,272.706924
-2.337319,50,272.896093
-2.223178,50,273.073922
-2.524951,50,273.24252
-2.165265,50,273.394324
-1.942902,50,273.560495
-2.308811,50,273.729075
-1.750508,50,273.92264
-2.092194,50,274.10158
-2.363995,50,274.306083
-2.045814,50,274.498569
-2.212098,50,274.721161
-2.02817,50,274.952691
-2.437703,50,275.118308
-1.722204,50,275.844975
-1.97738,50,276.089165
-2.842531,50,276.411865
-2.111185,50,276.659134
-2.692295,50,276.897973
-2.165791,50,277.121657
-2.154128,50,277.333598
-1.96206,50,277.505975
-1.98023,50,277.675287
-2.099689,50,277.888761
-2.210537,50,278.088756
-1.982183,50,278.279412
-1.910444,50,278.492545
-2.206282,50,278.674763
-2.410408,50,278.856706
-1.892704,50,279.055817
-2.658393,50,279.221856
-2.187473,50,279.38526
-2.034487,50,279.555824
-2.336973,50,279.740191
-2.235112,50,280.477119
-2.544386,50,280.838612
-1.861443,50,281.13945
-2.65624,50,281.401872
-1.986483,50,281.611154
-1.89285,50,281.789301
-1.905625,50,281.951846
-2.406638,50,282.113475
-2.625092,50,282.323581
-2.391526,50,282.526526
-2.420963,50,282.70287
-1.888382,50,282.91274
-2.060388,50,283.072089
-2.127252,50,283.238366
-2.18012,50,283.418965
-1.895228,50,283.611675
-2.20302,50,283.886492
-2.22312,50,284.120564
-2.255618,50,284.361765
-2.114103,50,284.813868
-2.284669,50,285.249049
-2.289287,50,286.34894
-2.296876,50,286.716509
-2.699903,50,287.107413
-2.153875,50,287.310791
-1.792506,50,287.581275
-2.196533,50,287.790685
-2.567968,50,288.100184
-2.083065,50,288.347026
-2.189993,50,288.483061
-2.149392,50,288.681787
-2.356702,50,288.958935
-1.878831,50,289.156674
-2.621835,50,289.296929
-1.6325,50,289.552911
-1.68024,50,289.787437
-1.867728,50,289.980039
-2.578172,50,290.222254
-1.674659,50,290.343058
-2.075502,50,290.468032
-1.950248,50,290.630052
-2.664437,50,291.412754
-2.068473,50,291.717198
-2.226472,50,292.033504
-1.802848,50,292.26476
-2.107638,50,292.490141
-2.550629,50,292.633896
-1.711418,50,292.898888
-2.161689,50,293.1083
-2.34611,50,293.427285
-2.265728,50,293.782555
-1.97148,50,294.134736
-2.002554,50,294.457767
-2.10912,50,294.782986
-2.059458,50,294.998202
-2.087908,50,295.118699
-2.076437,50,295.242242
-1.906846,50,295.402762
-2.319438,50,295.55083
-2.43543,50,295.693383
-2.43638,50,295.842646
-1.784671,50,296.046881
-1.854573,50,296.77956
-2.181541,50,297.027222
-2.246893,50,297.228136
-1.780998,50,297.377756
-2.107593,50,297.509578
-2.224915,50,297.646575
-2.400867,50,297.772781
-1.932914,50,297.89995
-2.330333,50,298.050462
-1.749335,50,298.198442
-2.792207,50,298.345454
-2.338797,50,298.50545
-1.861854,50,298.655605
-2.735806,50,298.849485
-2.111053,50,298.975436
-2.047729,50,299.105883
-2.300519,50,299.273908
-1.762167,50,299.409184
-2.314161,50,299.529714
-1.906172,50,299.6595
-1.901577,50,300.310725
-2.333538,50,300.522999
-1.784659,50,300.69739
-2.163677,50,300.896275
-2.166434,50,301.073099
-2.084274,50,301.197546
-1.442941,50,301.329809
-1.904788,50,301.457848
-1.676272,50,301.788676
-2.239577,50,301.911623
-1.957881,50,302.030619
-2.013265,50,302.160841
-1.880788,50,302.272706
-1.942187,50,302.416073
-1.918094,50,302.563947
-1.922326,50,302.689483
-2.031284,50,302.821052
-1.993722,50,302.961807
-2.172608,50,303.092065
-2.033067,50,303.242134
-2.024351,50,303.37885
-2.089682,50,304.053913
-2.064178,50,304.210723
-2.314739,50,304.384579
-2.051448,50,304.554082
-2.395711,50,304.719064
-2.498631,50,304.862486
-2.200065,50,304.983179
-2.115398,50,305.102582
-2.065236,50,305.223872
-2.284604,50,305.351588
-2.225402,50,305.484871
-2.409029,50,305.610315
-1.97511,50,305.757514
-2.626659,50,305.886105
-1.681803,50,306.019399
-2.291646,50,306.154654
-1.996141,50,306.287123
-2.291713,50,306.44309
-1.893185,50,306.585955
-1.917333,50,306.713397
-1.813154,50,307.272211
-2.303198,50,307.501366
-2.279786,50,307.747147
-1.780146,50,307.939343
-1.878966,50,308.088022
-2.272019,50,308.24876
-2.312957,50,308.366293
-1.910561,50,308.474473
-1.920185,50,308.596543
-2.019993,50,308.74052
-2.073709,50,308.884933
-2.005696,50,309.038762
-2.317881,50,309.187786
-1.743256,50,309.321242
-1.832303,50,309.466406
-2.133471,50,309.592163
-1.85396,50,309.700196
-2.41264,50,309.837781
-2.14139,50,309.962474
-2.372466,50,310.073238
-2.15346,50,310.201749
-2.242111,50,310.879017
-1.841911,50,311.076799
-1.851518,50,311.229087
-1.94289,50,311.373043
-1.936076,50,311.53655
-2.381432,50,311.701802
-1.710795,50,311.862082
-2.00004,50,311.993837
-1.97321,50,312.138572
-2.10534,50,312.270391
-2.026706,50,312.39099
-2.068608,50,312.513533
-2.332398,50,312.639099
-1.871962,50,312.756949
-1.751332,50,312.884561
-1.607246,50,313.009535
-1.854503,50,313.143003
-1.970298,50,313.272385
-2.457586,50,313.414043
-1.625661,50,313.54594
-2.069871,50,314.216007
-1.634298,50,314.484511
-1.963457,50,314.710921
-2.454349,50,314.897183
-1.862155,50,315.063514
-2.007909,50,315.196108
-2.318054,50,315.337354
-2.19449,50,315.465175
-1.875307,50,315.61635
-2.268577,50,315.761045
-2.056221,50,315.896524
-2.074721,50,316.053793
-1.935705,50,316.203851
-2.149765,50,316.344044
-1.936949,50,316.495688
-1.991992,50,316.617005
-1.783701,50,316.742342
-1.908345,50,316.88708
-2.115505,50,317.013808
-2.138285,50,317.128263
-2.00319,50,317.251354
-1.699747,50,317.839874
-1.904015,50,318.004413
-1.950148,50,318.15268
-2.149589,50,318.31183
-1.741712,50,318.45835
-2.207257,50,318.634805
-1.852487,50,318.759454
-1.898568,50,318.889819
-1.577672,50,319.016913
-1.837628,50,319.153507
-2.079597,50,319.283687
-2.01233,50,319.410393
-2.070525,50,319.544128
-1.634815,50,319.658612
-1.82036,50,319.790448
-1.818932,50,319.930281
-1.531809,50,320.060844
-1.641258,50,320.190687
-2.544378,50,320.357098
-2.110221,50,320.48026
-2.218822,50,321.036075
-1.571064,50,321.252066
-1.723124,50,321.405542
-1.712078,50,321.564622
-1.943372,50,321.774333
-2.096473,50,321.996946
-1.842426,50,322.218688
-1.944143,50,322.340383
-1.765443,50,322.468772
-2.053394,50,322.630331
-1.673775,50,322.772237
-2.153247,50,322.909106
-2.20532,50,323.03681
-1.771054,50,323.154879
-1.781678,50,323.277355
-1.846532,50,323.395607
-2.065433,50,323.536358
-2.048783,50,323.661381
-1.870646,50,323.782562
-2.148856,50,323.917194
-1.842422,50,324.067239
-2.228721,50,324.627431
-1.68438,50,324.805203
-1.789794,50,325.025307
-1.906357,50,325.168805
-1.977286,50,325.32259
-1.841228,50,325.473777
-1.82482,50,325.600561
-1.815004,50,325.743288
-2.016511,50,325.880517
-2.104475,50,326.015882
-1.772354,50,326.141958
-1.824446,50,326.278903
-2.376286,50,326.409139
-1.867165,50,326.548802
-1.930161,50,326.683997
-1.925657,50,326.836729
-2.275669,50,326.968479
-2.074298,50,327.112377
-1.740153,50,327.250499
-1.986004,50,327.381866
-1.918523,50,328.000664
-2.033563,50,328.201666
-1.948674,50,328.421762
-1.916471,50,328.605976
-2.176291,50,328.784482
-2.022754,50,328.926677
-2.374863,50,329.060728
-1.982781,50,329.195531
-1.926499,50,329.309384
-1.745127,50,329.439107
-1.974302,50,329.570282
-1.680733,50,329.684928
-1.988376,50,329.839073
-1.868418,50,329.96246
-1.789678,50,330.071671
-1.949283,50,330.18282
-1.883063,50,330.295179
-1.802881,50,330.419443
-1.711197,50,330.564926
-1.950811,50,330.691611
-1.954924,50,331.335005
-1.862944,50,331.569788
-1.894835,50,331.726956
-2.15549,50,331.937569
-2.125972,50,332.192157
-2.098553,50,332.357935
-1.73999,50,332.49806
-1.851284,50,332.880877
-1.62368,50,333.260707
-1.962018,50,333.529644
-2.046244,50,333.751454
-1.872446,50,333.903884
-1.77377,50,334.16693
-1.89255,50,334.32577
-2.185665,50,334.50705
-2.223983,50,334.678787
-1.917485,50,334.860861
-1.911292,50,335.016016
-1.788492,50,335.154216
-1.863896,50,335.320647
-1.875731,50,335.649892
-1.952182,50,336.466154
-1.767918,50,336.723349
-1.759657,50,336.950491
-1.745057,50,337.254683
-1.69735,50,337.524712
-1.755168,50,337.682857
-1.547022,50,337.835138
-1.850741,50,337.98177
-1.682007,50,338.133446
-1.78366,50,338.28631
-1.743122,50,338.435111
-1.393747,50,338.600137
-1.754678,50,338.753843
-1.701606,50,338.918125
-2.009891,50,339.085777
-1.852308,50,339.419993
-2.069586,50,339.594422
-1.763629,50,339.764794
-1.769934,50,339.951815
-1.796418,50,340.106103
-1.889905,50,341.186452
-2.021973,50,341.582539
-1.861972,50,341.856679
-1.785725,50,342.098186
-1.650721,50,342.3155
-1.753567,50,342.524539
-1.748668,50,342.729989
-1.713287,50,342.97244
-1.901709,50,343.188187
-1.717056,50,343.390025
-1.608519,50,343.596057
-1.632101,50,343.760809
-2.288541,50,343.944869
-2.216976,50,344.107765
-1.685279,50,344.278398
-1.811093,50,344.465479
-1.807038,50,344.72135
-1.833584,50,345.003564
-1.724273,50,345.165273
-1.407278,50,345.35443
-1.795337,50,345.514845
-1.702337,50,346.227006
-1.937296,50,346.473264
-1.68788,50,346.727448
-1.911908,50,346.984403
-1.682044,50,347.157748
-1.808612,50,347.306229
-1.955513,50,347.453928
-2.082743,50,347.629591
-2.005181,50,347.792805
-2.15801,50,347.994136
-1.836545,50,348.183222
-1.800133,50,348.325778
-1.748703,50,348.482476
-2.051228,50,348.643733
-1.827098,50,348.793626
-1.670599,50,348.966952
-1.931382,50,349.121515
-1.813748,50,349.287002
-2.148371,50,349.44882
-1.957961,50,349.627956
-1.872951,50,350.226395
-1.974309,50,350.472646
-1.948819,50,350.676257
-1.716593,50,350.946562
-1.774065,50,351.152835
-1.774027,50,351.33342
-1.764172,50,351.49189
-1.745558,50,351.65689
-1.452099,50,351.811455
-1.53267,50,351.969004
-2.004828,50,352.149309
-1.768802,50,352.305997
-1.789505,50,352.468451
-1.619711,50,352.620858
-1.607783,50,352.773795
-1.83063,50,352.947243
-1.851257,50,353.083171
-1.742296,50,353.248229
-2.244436,50,353.411449
-2.294256,50,353.565701
-1.733397,50,353.844859
-1.845245,50,354.920127
-1.728935,50,355.175637
-2.29208,50,355.394506
-1.694462,50,355.571614
-1.918737,50,355.766987
-1.621507,50,356.151951
-1.671221,50,356.516993
-1.75249,50,356.9021
-1.798833,50,357.114202
-1.560759,50,357.287824
-1.890262,50,357.459605
-1.767018,50,357.613419
-1.886494,50,357.77235
-1.645254,50,357.940295
-1.745342,50,358.11194
-2.087321,50,358.295945
-1.634386,50,358.455701
-1.884619,50,358.609172
-1.865842,50,358.778977
-1.804923,50,358.996314
-1.795889,50,359.585795
-2.211562,50,359.817111
-1.842984,50,359.97621
-1.953671,50,360.121431
-1.882789,50,360.286494
-1.672923,50,360.447432
-1.900746,50,360.573432
-1.965652,50,360.705621
-1.917021,50,360.838917
-2.062394,50,360.971216
-2.068036,50,361.100548
-1.896243,50,361.230221
-1.915761,50,361.354738
-1.666143,50,361.49956
-1.656488,50,361.620999
-1.836853,50,361.743249
-1.812146,50,361.886641
-1.968994,50,362.053515
-1.716224,50,362.219693
-1.981566,50,362.38176
-1.607976,50,362.539914
-2.114085,50,363.154737
-1.593856,50,363.38556
-1.571208,50,363.642414
-1.859363,50,363.941168
-1.631151,50,364.22463
-2.280894,50,364.43223
-1.573624,50,364.797213
-1.725522,50,365.212075
-2.240594,50,365.488388
-1.651802,50,365.734982
-1.416148,50,365.995076
-1.866108,50,366.209914
-1.517792,50,366.544221
-1.337083,50,366.847032
-1.573913,50,367.164987
-1.920357,50,367.51162
-2.035086,50,367.770969
-1.871054,50,368.019766
-1.623957,50,368.242105
-1.706017,50,368.427175
-1.725072,50,369.086714
-1.720806,50,369.38718
-1.75619,50,369.675305
-1.540507,50,369.94381
-1.594378,50,370.103553
-1.328344,50,370.242052
-1.567978,50,370.363862
-1.56534,50,370.497732
-1.624465,50,370.631736
-1.692572,50,370.795846
-2.058992,50,370.935105
-1.66138,50,371.059369
-1.614494,50,371.183594
-1.636875,50,371.313821
-1.623158,50,371.438131
-1.87483,50,371.568477
-2.032664,50,371.690937
-1.759961,50,371.816518
-1.632027,50,371.939299
-1.689627,50,372.063797
-1.777889,50,372.192732
-1.534838,50,372.749535
-1.688783,50,372.927686
-1.483738,50,373.07936
-1.749456,50,373.230481
-1.988478,50,373.374212
-1.988117,50,373.530351
-1.763714,50,373.768441
-1.957464,50,373.94085
-1.587732,50,374.067323
-1.609414,50,374.205955
-1.649588,50,374.325352
-1.626388,50,374.456668
-1.641236,50,374.586006
-1.957621,50,374.720421
-1.727806,50,374.868358
-1.48911,50,374.996494
-1.395291,50,375.143005
-1.645633,50,375.273239
-1.823289,50,375.404558
-1.752751,50,375.553101
-1.553244,50,376.106461
-1.573154,50,376.300021
-1.933583,50,376.454514
-1.780332,50,376.612198
-1.644927,50,376.753513
-1.693823,50,376.928984
-1.729111,50,377.083044
-1.699857,50,377.208007
-1.773427,50,377.329262
-2.317999,50,377.478061
-1.472275,50,377.610544
-1.526201,50,377.750377
-1.500112,50,377.887886
-1.758211,50,378.013463
-1.620887,50,378.143932
-1.781076,50,378.273474
-1.818419,50,378.390873
-1.459589,50,378.517696
-2.001518,50,378.657214
-1.93715,50,378.789627
-1.776472,50,378.923642
-1.685023,50,379.449585
-1.760018,50,379.611975
-1.690543,50,379.773259
-1.743578,50,379.968061
-1.82426,50,380.118696
-2.171914,50,380.298949
-1.63902,50,380.417805
-1.844295,50,380.535125
-1.585286,50,380.670856
-1.584446,50,380.828278
-1.830567,50,380.95877
-1.625532,50,381.130859
-1.910315,50,381.311267
-1.935047,50,381.418723
-2.243237,50,381.556696
-1.595694,50,381.683311
-1.691939,50,381.799948
-1.893738,50,381.949432
-1.704027,50,382.087651
-1.838557,50,382.228562
-1.680493,50,382.758917
-1.827328,50,383.005628
-1.706615,50,383.174826
-1.603155,50,383.351031
-2.322851,50,383.542382
-1.775345,50,383.726964
-1.650986,50,383.860515
-1.781301,50,383.992927
-1.387495,50,384.140122
-1.545275,50,384.270936
-2.151207,50,384.408875
-1.578061,50,384.562315
-1.70585,50,384.708469
-1.605631,50,384.860984
-1.582104,50,384.992758
-1.604074,50,385.128017
-1.810483,50,385.270079
-1.681382,50,385.406659
-1.580783,50,385.542625
-1.562178,50,385.6737
-1.84044,50,385.81284
-1.639333,50,386.416304
-1.79121,50,386.622974
-1.67394,50,386.773065
-2.129859,50,386.963392
-1.682215,50,387.105411
-1.747558,50,387.254798
-1.764963,50,387.37297
-1.67535,50,387.498315
-1.565468,50,387.63291
-1.674536,50,387.757166
-1.67388,50,387.889845
-1.902077,50,388.047731
-1.49259,50,388.183002
-1.718036,50,388.316339
-1.91971,50,388.447851
-1.943296,50,388.585794
-1.671679,50,388.716515
-1.523705,50,388.849965
-1.89916,50,388.962556
-1.630936,50,389.078249
-1.724939,50,389.549523
-1.70538,50,389.70394
-1.490291,50,389.824188
-1.445829,50,389.95137
-2.041528,50,390.104025
-1.84509,50,390.236272
-1.468084,50,390.366056
-1.41862,50,390.501609
-1.570608,50,390.619613
-1.76181,50,390.737174
-1.619585,50,390.866251
-2.085056,50,390.989
-1.584941,50,391.105807
-1.953502,50,391.231524
-1.727833,50,391.369152
-1.74967,50,391.486799
-1.804286,50,391.604155
-1.801344,50,391.723944
-1.550171,50,391.846411
-1.575639,50,391.964222
-1.566306,50,392.092374
-1.673901,50,392.647668
-1.663355,50,392.841225
-1.673806,50,393.010172
-1.481544,50,393.175303
-1.513106,50,393.33446
-1.543708,50,393.473974
-1.795471,50,393.606555
-1.607716,50,393.722291
-1.675972,50,393.916561
-1.567071,50,394.235925
-1.430639,50,394.413186
-1.780534,50,394.602561
-1.6963,50,394.827531
-1.613308,50,395.044791
-1.494484,50,395.264914
-1.716681,50,395.428255
-2.071014,50,395.58569
-1.453071,50,395.725646
-1.784326,50,395.871972
-1.583392,50,396.006876
-1.534035,50,396.795621
-1.766907,50,397.005185
-1.746088,50,397.1545
-1.911964,50,397.303717
-1.474421,50,397.427748
-1.720568,50,397.544615
-1.527799,50,397.660976
-1.810702,50,397.785926
-1.770744,50,397.916431
-1.487608,50,398.039542
-1.593085,50,398.150884
-1.946101,50,398.302592
-2.299429,50,398.451233
-1.662464,50,398.591146
-1.389146,50,398.737549
-1.598577,50,398.889784
-1.68658,50,399.021115
-1.686568,50,399.147715
-1.563915,50,399.283563
-1.492376,50,399.397603
-1.496397,50,399.528517
-1.51713,50,400.180808
-1.800259,50,400.319262
-1.690059,50,400.443818
-1.630217,50,400.595489
-1.507498,50,400.768129
-1.462369,50,400.935153
-1.517425,50,401.064162
-1.656372,50,401.194835
-1.442538,50,401.324528
-1.440254,50,401.44207
-1.566495,50,401.562269
-1.519935,50,401.695486
-1.532446,50,401.836975
-1.755468,50,401.95756
-1.47097,50,402.088855
-1.586127,50,402.224738
-1.597223,50,402.372114
-1.512311,50,402.541779
-1.600826,50,402.77315
-1.463583,50,403.026041
-1.618293,50,403.561808
-1.788096,50,403.744405
-1.384946,50,403.916361
-1.767218,50,404.079168
-1.993259,50,404.235859
-1.985315,50,404.405217
-1.611707,50,404.563222
-1.884366,50,404.687394
-1.900765,50,404.82973
-1.472084,50,404.938721
-1.620832,50,405.069704
-1.592066,50,405.19951
-1.50177,50,405.342681
-1.754841,50,405.46926
-1.669263,50,405.601385
-1.70611,50,405.735662
-1.774684,50,405.884336
-1.579393,50,406.025074
-1.873761,50,406.171217
-2.058098,50,406.31043
-1.461468,50,406.436853
-1.604256,50,407.087826
-1.697149,50,407.307738
-1.578201,50,407.440414
-1.258605,50,407.670812
-1.951482,50,407.83211
-1.645332,50,407.955196
-1.626995,50,408.066619
-1.974976,50,408.209612
-1.730807,50,408.330898
-1.49694,50,408.464989
-1.819416,50,408.59912
-1.679809,50,408.722826
-1.699135,50,408.85754
-1.568147,50,408.992685
-1.513541,50,409.115119
-1.798616,50,409.255539
-1.65143,50,409.377318
-1.487658,50,409.495569
-1.671847,50,409.628189
-1.409003,50,409.762688
-1.892006,50,410.314511
-1.617887,50,410.500089
-1.475983,50,410.694907
-1.497505,50,410.874719
-1.600267,50,411.067197
-1.811375,50,411.237069
-1.315321,50,411.364856
-1.288657,50,411.481703
-1.585704,50,411.613275
-1.597387,50,411.738876
-1.41246,50,411.879723
-1.961476,50,411.995247
-1.452022,50,412.12062
-1.53566,50,412.244847
-1.801336,50,412.366998
-1.826914,50,412.504642
-1.501222,50,412.641644
-1.682457,50,412.75676
-1.375287,50,412.890772
-1.674301,50,413.031394
-1.865476,50,413.159644
-1.740493,50,413.773906
-1.383114,50,413.980942
-1.753373,50,414.165366
-1.208994,50,414.354565
-1.882558,50,414.53959
-1.727257,50,414.67838
-2.089323,50,414.838145
-1.508591,50,414.955628
-1.248749,50,415.087986
-1.437725,50,415.211366
-1.40794,50,415.331157
-1.536678,50,415.471797
-1.453489,50,415.600132
-1.253728,50,415.749193
-1.573957,50,415.880919
-1.383188,50,415.999861
-1.796385,50,416.136865
-1.670126,50,416.278118
-1.204248,50,416.404682
-1.546313,50,416.545054
-1.520233,50,417.237901
-1.612792,50,417.440755
-1.664615,50,417.611384
-1.76645,50,417.783323
-1.582219,50,417.968009
-1.492925,50,418.110676
-1.722123,50,418.243057
-1.638597,50,418.371463
-1.41374,50,418.503251
-1.26855,50,418.634745
-1.604178,50,418.760338
-1.641262,50,418.896487
-2.175941,50,419.0216
-1.78189,50,419.153354
-1.501075,50,419.273176
-1.771157,50,419.388597
-1.635191,50,419.517338
-1.638807,50,419.646374
-1.516557,50,419.778463
-1.470652,50,419.930673
-1.686709,50,420.053282
-1.77067,50,420.503208
-1.692575,50,420.633266
-1.539669,50,420.754969
-1.163039,50,420.928383
-2.165033,50,421.081464
-1.535493,50,421.200566
-1.707249,50,421.34187
-1.429642,50,421.463396
-1.488097,50,421.592235
-1.586302,50,421.712258
-1.552705,50,421.833554
-1.593136,50,421.971427
-1.51474,50,422.105988
-1.574422,50,422.249783
-1.346985,50,422.378276
-1.36975,50,422.514021
-1.769329,50,422.665072
-1.385719,50,422.81659
-1.757224,50,422.961438
-1.390413,50,423.081239
-1.613134,50,423.646372
-1.685645,50,423.834842
-1.58616,50,424.007434
-1.440252,50,424.172122
-1.38484,50,424.309211
-1.347676,50,424.468153
-1.605913,50,424.595201
-1.441257,50,424.72017
-1.731044,50,424.853718
-1.536682,50,424.970783
-1.578292,50,425.085638
-1.707007,50,425.200113
-1.687187,50,425.349437
-1.462319,50,425.502204
-1.886725,50,425.631758
-1.534093,50,425.75487
-1.550129,50,425.893579
-1.572867,50,426.020622
-1.565914,50,426.147483
-1.650319,50,426.287565
-1.413933,50,426.78055
-1.95148,50,427.017518
-1.464938,50,427.17737
-1.612075,50,427.357757
-1.409129,50,427.50077
-1.732671,50,427.644385
-1.350535,50,427.797088
-1.391134,50,427.936186
-1.784818,50,428.071481
-1.749522,50,428.20385
-1.852229,50,428.342839
-1.67078,50,428.478256
-1.499687,50,428.618978
-1.263692,50,428.777939
-1.785317,50,428.918292
-1.665456,50,429.041281
-1.593122,50,429.166375
-1.459689,50,429.285392
-1.343591,50,429.427034
-1.292879,50,429.573303
-1.541338,50,429.712926
-1.508988,50,430.253874
-1.538062,50,430.429837
-1.470719,50,430.574509
-1.459499,50,430.766907
-1.748465,50,430.938737
-1.599952,50,431.103117
-1.42034,50,431.238506
-1.46454,50,431.35896
-1.819752,50,431.479491
-1.487148,50,431.605488
-1.461298,50,431.719145
-1.302529,50,431.849058
-1.88937,50,431.969442
-1.429709,50,432.093753
-1.648058,50,432.233205
-1.751479,50,432.346703
-1.585909,50,432.479874
-1.434652,50,432.608409
-1.614097,50,432.736333
-1.60127,50,432.878874
-1.594172,50,433.380417
-1.813009,50,433.57015
-1.675107,50,433.722523
-1.620322,50,433.897606
-1.548417,50,434.056981
-1.58454,50,434.226692
-1.630406,50,434.369294
-2.034224,50,434.538371
-1.498551,50,434.668079
-1.635606,50,434.794719
-1.596361,50,434.93726
-1.329059,50,435.061363
-2.000317,50,435.20218
-1.549009,50,435.343311
-1.464727,50,435.481071
-1.465384,50,435.619344
-1.517371,50,435.739556
-1.484578,50,435.862983
-1.678632,50,435.979848
-1.573652,50,436.115897
-1.508343,50,436.238949
-1.56464,50,436.758937
-1.727395,50,436.962905
-1.410419,50,437.114397
-1.489295,50,437.271674
-1.437418,50,437.407344
-1.600403,50,437.545336
-1.594568,50,437.694154
-1.719735,50,437.815303
-1.55947,50,437.957916
-1.385331,50,438.080539
-1.486075,50,438.197142
-1.640105,50,438.317328
-1.8843,50,438.457691
-1.70827,50,438.595351
-1.877233,50,438.714415
-1.632949,50,438.848239
-1.491076,50,438.964553
-1.374443,50,439.090678
-1.704959,50,439.220855
-1.423379,50,439.346803
-1.406325,50,439.906178
-1.359467,50,440.127204
-1.302458,50,440.288471
-1.481181,50,440.447484
-1.426966,50,440.610334
-2.05057,50,440.780859
-1.819242,50,440.916173
-1.988364,50,441.046895
-1.5279,50,441.204695
-1.445069,50,441.339765
-1.558043,50,441.464037
-1.439583,50,441.660603
-1.654846,50,441.839248
-1.50719,50,441.97285
-1.520869,50,442.104157
-1.447979,50,442.244674
-1.51049,50,442.407661
-1.561219,50,442.541803
-1.218087,50,442.670348
-1.640547,50,442.798414
-1.263848,50,442.927682
-1.312741,50,443.501314
-1.514175,50,443.713504
-1.777019,50,443.918678
-1.393702,50,444.10932
-1.531489,50,444.334909
-1.42058,50,444.453458
-1.467507,50,444.576875
-1.534143,50,444.709582
-1.661378,50,444.861381
-1.585763,50,444.985895
-1.437234,50,445.129835
-1.392256,50,445.270278
-1.637513,50,445.408781
-1.524694,50,445.542678
-1.578533,50,445.683909
-1.620653,50,445.832343
-1.548548,50,445.954961
-1.59451,50,446.085767
-1.415792,50,446.216349
-1.565807,50,446.34269
-1.530044,50,446.864693
-1.507742,50,447.074261
-1.732274,50,447.254151
-1.407821,50,447.412753
-1.960839,50,447.585066
-1.34293,50,447.726441
-1.747245,50,447.870326
-1.501331,50,447.982164
-1.748038,50,448.099103
-1.31932,50,448.231162
-1.345892,50,448.359915
-1.442791,50,448.485007
-1.475593,50,448.610384
-1.36595,50,448.745866
-1.68002,50,448.883065
-1.690452,50,449.002573
-1.526722,50,449.113869
-1.667948,50,449.246999
-1.577864,50,449.364064
-1.820024,50,449.485987
-1.451369,50,449.601656
-1.523959,50,450.095956
-1.211322,50,450.278788
-1.796159,50,450.401338
-1.327548,50,450.5229
-1.228776,50,450.661785
-1.47213,50,450.779612
-1.8839,50,450.909063
-1.719167,50,451.025245
-1.437762,50,451.13635
-1.487331,50,451.263193
-1.615028,50,451.396034
-1.503999,50,451.506979
-1.552356,50,451.636816
-1.876553,50,451.756705
-1.684968,50,451.884535
-2.038721,50,452.034328
-1.551404,50,452.172972
-1.4628,50,452.299492
-1.632717,50,452.444648
-1.361777,50,452.578454
-1.56378,50,453.07776
-1.539274,50,453.264015
-1.63768,50,453.425364
-1.383064,50,453.630275
-1.3756,50,453.792911
-1.677333,50,453.969254
-1.498483,50,454.097456
-1.413276,50,454.219687
-1.457211,50,454.348803
-1.536935,50,454.477134
-1.463698,50,454.60433
-1.357082,50,454.731719
-1.397762,50,454.873346
-1.231899,50,454.995425
-1.243465,50,455.118074
-1.349602,50,455.239098
-1.36773,50,455.3594
-1.670759,50,455.493572
-1.667012,50,455.639527
-1.578126,50,455.775938
-1.245713,50,455.939017
-1.651907,50,456.513596
-1.404632,50,456.75268
-1.96271,50,456.934816
-1.274507,50,457.069369
-1.793333,50,457.23285
-1.438424,50,457.391545
-1.497818,50,457.515689
-1.513175,50,457.644079
-1.347944,50,457.78953
-1.404628,50,457.928332
-1.589013,50,458.042109
-1.25671,50,458.169329
-1.281028,50,458.294097
-1.517973,50,458.425702
-1.564721,50,458.551013
-1.326657,50,458.68443
-1.714697,50,458.833404
-1.377176,50,458.949365
-1.431913,50,459.08181
-1.593803,50,459.232376
-1.623787,50,459.742982
-1.572636,50,459.946636
-1.497731,50,460.090918
-1.370605,50,460.239694
-1.52599,50,460.401487
-1.787763,50,460.706635
-1.630252,50,460.887442
-1.283413,50,460.998705
-1.281931,50,461.117393
-1.626834,50,461.260789
-1.271817,50,461.381809
-1.41907,50,461.508489
-1.424094,50,461.631889
-1.465199,50,461.759119
-1.490508,50,461.889849
-1.314262,50,462.018988
-1.550191,50,462.153183
-1.361459,50,462.290951
-1.264597,50,462.412886
-1.578719,50,462.633113
-1.373929,50,462.778884
-1.279433,50,463.297869
-1.432208,50,463.462259
-1.547861,50,463.607762
-1.561627,50,463.768395
-1.537794,50,463.951279
-1.493759,50,464.080994
-1.357264,50,464.209912
-1.512994,50,464.318866
-1.406091,50,464.433757
-1.279089,50,464.546898
-1.548749,50,464.68131
-1.587051,50,464.81213
-1.745154,50,464.940224
-1.604242,50,465.05617
-1.225348,50,465.17415
-1.940979,50,465.327014
-1.520968,50,465.463728
-1.273665,50,465.591114
-1.433034,50,465.71682
-1.404775,50,465.849369
-1.365962,50,466.328021
-1.521966,50,466.527574
-1.31524,50,466.708324
-1.713844,50,466.880133
-1.510924,50,467.029872
-1.642601,50,467.198545
-1.525712,50,467.333447
-1.410143,50,467.449884
-1.368571,50,467.574509
-1.660682,50,467.696269
-1.43349,50,467.862431
-1.373717,50,467.990167
-1.606087,50,468.108814
-1.615722,50,468.249945
-1.52372,50,468.367989
-1.364993,50,468.495973
-1.642324,50,468.618083
-1.282325,50,468.740438
-1.55497,50,468.873962
-1.88268,50,469.016443
-1.657776,50,469.142371
-1.454415,50,469.680301
-1.43478,50,469.87305
-1.392212,50,470.049985
-1.321664,50,470.198276
-1.628691,50,470.344964
-1.613849,50,470.490026
-1.45868,50,470.631698
-1.459374,50,470.759645
-1.588335,50,470.900673
-1.461319,50,471.021733
-1.547843,50,471.143548
-1.606533,50,471.280046
-1.39975,50,471.425027
-1.465818,50,471.555108
-1.332765,50,471.705054
-1.504267,50,471.895618
-1.612954,50,472.043354
-1.397158,50,472.179451
-2.045014,50,472.336651
-1.666155,50,472.458179
-1.543831,50,473.110464
-1.331617,50,473.329482
-1.427856,50,473.503553
-1.40521,50,473.68601
-1.413936,50,473.893958
-1.27498,50,474.031922
-1.578289,50,474.175993
-1.342404,50,474.309191
-1.264784,50,474.426804
-1.647421,50,474.538505
-1.676186,50,474.667918
-1.398094,50,474.817463
-1.415336,50,474.944529
-1.461595,50,475.063157
-1.860258,50,475.215208
-1.372213,50,475.34479
-1.929384,50,475.497179
-1.709785,50,475.645113
-1.415377,50,475.785603
-1.314897,50,475.936421
-1.270262,50,476.073664
-1.34234,50,476.682101
-1.257785,50,476.892921
-1.587382,50,477.085603
-1.419992,50,477.261018
-2.050869,50,477.459902
-1.56074,50,477.586094
-1.406964,50,477.711982
-1.421965,50,477.851012
-1.294806,50,477.970906
-1.44226,50,478.11633
-1.424463,50,478.256923
-1.373878,50,478.398437
-1.979095,50,478.562841
-1.62539,50,478.705515
-1.322031,50,478.855411
-1.467206,50,478.978582
-1.219647,50,479.092787
-1.439893,50,479.210651
-1.438109,50,479.320577
-1.585671,50,479.453087
-1.628539,50,480.011319
-1.312941,50,480.2066
-1.451977,50,480.341597
-1.553987,50,480.516615
-1.447278,50,480.678957
-1.529862,50,480.908817
-1.41761,50,481.050119
-1.523061,50,481.186898
-1.69086,50,481.330914
-1.402283,50,481.465562
-1.219337,50,481.590733
-1.086827,50,481.744794
-1.628666,50,481.884387
-1.344223,50,482.01215
-1.425967,50,482.153806
-1.427672,50,482.297213
-1.606531,50,482.416602
-1.102697,50,482.54436
-1.496761,50,482.653877
-1.396377,50,482.774801
-1.458573,50,482.907866
-1.28544,50,483.531004
-1.316176,50,483.738045
-1.527044,50,483.940447
-1.508998,50,484.131588
-1.458983,50,484.305081
-1.44321,50,484.415615
-1.665554,50,484.539236
-1.291793,50,484.658989
-1.400931,50,484.771555
-1.56796,50,484.898992
-1.670884,50,485.034034
-1.255901,50,485.163307
-1.289469,50,485.30995
-1.639437,50,485.454839
-1.281539,50,485.579375
-1.417939,50,485.707491
-1.337719,50,485.899261
-1.551965,50,486.092658
-1.369965,50,486.239519
-1.675688,50,486.362649
-1.491554,50,486.964816
-1.313128,50,487.209129
-1.564129,50,487.3981
-1.366918,50,487.569492
-1.42363,50,487.766513
-1.879199,50,487.933249
-1.956377,50,488.077932
-1.412275,50,488.215999
-1.560367,50,488.342024
-1.634933,50,488.469101
-1.315089,50,488.606904
-1.604617,50,488.752043
-1.398545,50,488.889149
-1.375015,50,489.017601
-1.39155,50,489.144998
-1.428906,50,489.261029
-1.551308,50,489.395443
-1.352711,50,489.529372
-1.616005,50,489.671233
-1.390994,50,489.786476
-1.519586,50,489.933517
-1.58451,50,490.582684
-1.42215,50,490.780596
-1.502904,50,490.977676
-1.448521,50,491.160099
-1.309198,50,491.332687
-1.480462,50,491.447735
-1.375734,50,491.582759
-1.29234,50,491.713082
-1.398249,50,491.848673
-1.605568,50,491.975937
-1.478018,50,492.110544
-1.321903,50,492.25039
-1.222693,50,492.38564
-1.266849,50,492.516759
-1.324935,50,492.647982
-1.474031,50,492.776981
-1.211647,50,492.906719
-1.995046,50,493.042775
-1.624313,50,493.179832
-1.493283,50,493.310501
-1.592578,50,493.914369
-1.769331,50,494.146454
-1.51978,50,494.342078
-1.437892,50,494.535947
-1.564128,50,494.720532
-1.409399,50,494.845029
-1.406708,50,494.968581
-1.383581,50,495.094164
-1.736292,50,495.255616
-1.420875,50,495.397439
-1.38003,50,495.544209
-1.360998,50,495.677995
-1.603527,50,495.825673
-1.80184,50,495.959363
-1.41344,50,496.093091
-1.60733,50,496.221937
-1.539696,50,496.345382
-1.590532,50,496.482737
-1.474646,50,496.633031
-1.3771,50,496.766989
-1.451706,50,496.899595
-1.468627,50,497.53652
-1.559733,50,497.706824
-1.403792,50,497.896521
-1.54961,50,498.100057
-1.548532,50,498.262451
-2.23786,50,498.512142
-2.022987,50,498.730723
-1.592887,50,498.993138
-1.389759,50,499.108254
-1.429879,50,499.252146
-1.527687,50,499.391112
-1.516424,50,499.524404
-1.476267,50,499.654147
-1.456962,50,499.797431
-1.467283,50,499.933267
-1.470986,50,500.056973
-1.79406,50,500.190685
-1.37581,50,500.32689
-1.391714,50,500.439941
-1.417548,50,500.566654
-1.469257,50,501.167071
-1.260989,50,501.382334
-1.451837,50,501.5827
-1.927192,50,501.772292
-1.345106,50,501.969169
-1.262781,50,502.104892
-1.70497,50,502.24532
-1.687714,50,502.382915
-1.517804,50,502.506691
-1.389548,50,502.657436
-1.248715,50,502.794571
-1.5391,50,502.925188
-1.701042,50,503.063595
-1.338793,50,503.196093
-1.363212,50,503.328484
-1.572642,50,503.454651
-1.355512,50,503.585842
-1.442955,50,503.724004
-1.443013,50,503.851648
-1.239118,50,503.972531
-1.559671,50,504.102839
-1.57273,50,504.686766
-1.49195,50,504.895726
-1.194204,50,505.08189
-1.479813,50,505.261929
-1.347545,50,505.431367
-1.375595,50,505.564955
-1.441738,50,505.707865
-1.231584,50,505.831774
-1.422335,50,505.957591
-1.268505,50,506.0712
-1.357091,50,506.192907
-1.685353,50,506.346663
-1.562078,50,506.464659
-1.522811,50,506.599144
-1.487415,50,506.75017
-1.311668,50,506.884251
-1.284141,50,507.007013
-1.306618,50,507.136794
-1.450531,50,507.275784
-1.541724,50,507.403328
-1.245668,50,508.043092
-1.386305,50,508.237582
-1.252592,50,508.429726
-1.490632,50,508.631059
-1.391657,50,508.840878
-1.809154,50,508.987737
-1.231085,50,509.124943
-1.437452,50,509.262361
-1.463824,50,509.383873
-1.414954,50,509.504468
-1.210447,50,509.637548
-1.493841,50,509.759255
-1.314682,50,509.890438
-1.396193,50,510.002712
-1.164646,50,510.1222
-1.39263,50,510.240135
-1.272566,50,510.367358
-1.281858,50,510.49948
-1.349834,50,510.622
-1.317512,50,510.756429
-1.381987,50,511.318999
-1.305027,50,511.543793
-1.46282,50,511.712681
-1.490943,50,511.93771
-1.379762,50,512.107033
-1.306642,50,512.450946
-1.445882,50,512.636189
-1.336216,50,512.776636
-1.673659,50,512.940296
-1.418171,50,513.131898
-1.356576,50,513.272805
-1.238335,50,513.406858
-1.182721,50,513.550994
-1.311535,50,513.704443
-1.081089,50,513.858653
-1.395466,50,514.006155
-1.18466,50,514.146052
-1.392606,50,514.283017
-1.395282,50,514.425047
-1.412849,50,514.572828
-1.327167,50,514.760066
-1.211663,50,515.474684
-1.401223,50,515.753631
-1.709163,50,516.010895
-1.522299,50,516.198238
-1.4389,50,516.343395
-1.573181,50,516.459527
-1.351394,50,516.598737
-1.419811,50,516.72979
-1.173615,50,516.870232
-1.297303,50,516.999757
-1.372785,50,517.133494
-1.486177,50,517.2534
-1.212303,50,517.384754
-1.505677,50,517.516742
-1.287175,50,517.658976
-1.386891,50,517.79689
-1.333181,50,517.943022
-1.651556,50,518.064608
-1.455657,50,518.188725
-1.255952,50,518.312843
-1.309726,50,519.116271
-1.97963,50,519.448109
-1.199013,50,519.637286
-1.397334,50,519.868459
-1.327298,50,520.038578
-1.18429,50,520.193835
-1.373043,50,520.314778
-1.50194,50,520.473314
-1.430661,50,520.658029
-1.277711,50,520.814684
-1.400811,50,520.954293
-1.090883,50,521.09991
-1.453467,50,521.262614
-1.280864,50,521.380096
-1.433314,50,521.519578
-1.325709,50,521.675771
-1.958394,50,521.873899
-1.459643,50,522.008894
-1.476484,50,522.217766
-1.483957,50,522.359601
-1.516778,50,522.552623
-1.431767,50,523.275713
-1.391398,50,523.466637
-1.78647,50,523.647167
-1.452649,50,523.808054
-1.437896,50,524.018688
-1.759152,50,524.164538
-1.24778,50,524.289813
-1.258005,50,524.448143
-1.417907,50,524.576384
-1.478001,50,524.765935
-1.33008,50,524.883662
-1.364636,50,525.045315
-1.45495,50,525.206871
-1.265018,50,525.34888
-1.293146,50,525.506117
-1.318178,50,525.664661
-1.390524,50,525.85321
-1.568106,50,526.018636
-1.424348,50,526.252568
-1.474573,50,526.472669
-1.480844,50,527.378401
-1.319383,50,527.661071
-1.430252,50,527.881047
-1.30065,50,528.07454
-1.377313,50,528.291728
-1.22809,50,528.443744
-1.326422,50,528.587174
-1.318613,50,528.759449
-1.236184,50,528.972783
-1.366526,50,529.087802
-1.571047,50,529.26837
-1.407695,50,529.479049
-1.227502,50,529.700309
-1.459517,50,529.884376
-1.356178,50,530.099695
-1.502271,50,530.227164
-1.377713,50,530.396753
-1.528258,50,530.694177
-1.446864,50,530.954903
-1.633599,50,531.167037
-1.338951,50,531.291855
-1.291312,50,531.980822
-1.416479,50,532.20863
-1.525883,50,532.39927
-1.283774,50,532.60796
-1.274545,50,532.851271
-1.370517,50,532.96904
-1.315909,50,533.091251
-1.413479,50,533.214772
-1.234072,50,533.346757
-1.433767,50,533.470304
-1.252927,50,533.613108
-1.25366,50,533.762435
-1.280187,50,533.900092
-1.316315,50,534.039591
-1.292246,50,534.166537
-1.457493,50,534.293584
-1.32014,50,534.427014
-1.344015,50,534.553402
-1.197892,50,534.718634
-1.612346,50,534.846802
-1.413411,50,535.370346
-1.14576,50,535.582236
-1.342278,50,535.7441
-1.180457,50,535.940732
-1.57584,50,536.11463
-1.413387,50,536.274152
-1.305763,50,536.415843
-1.213665,50,536.549345
-1.583355,50,536.670652
-1.261845,50,536.806864
-1.568058,50,536.963249
-1.315429,50,537.086922
-1.222146,50,537.226243
-1.322492,50,537.347847
-1.333019,50,537.467404
-1.524766,50,537.604517
-1.393817,50,537.729915
-1.328556,50,537.85789
-1.18149,50,537.997898
-1.362021,50,538.13043
-1.394275,50,538.276018
-1.376651,50,538.890879
-1.558877,50,539.056627
-1.402112,50,539.193812
-1.597068,50,539.307861
-1.367055,50,539.428764
-1.457967,50,539.573249
-1.434786,50,539.698884
-1.44219,50,539.816817
-1.403762,50,539.936059
-1.131902,50,540.074358
-1.366196,50,540.191454
-1.44261,50,540.312117
-1.40722,50,540.430547
-1.478065,50,540.55998
-1.265709,50,540.690037
-1.310568,50,540.804822
-1.177451,50,540.930604
-1.350765,50,541.054333
-1.35403,50,541.175803
-1.302502,50,541.301355
-1.39927,50,541.830614
-1.244039,50,542.063646
-1.32147,50,542.274989
-1.294789,50,542.42315
-1.251132,50,542.578892
-1.348051,50,542.744947
-1.741992,50,542.900558
-1.292865,50,543.033711
-1.234057,50,543.151015
-1.25477,50,543.281921
-1.681089,50,543.417967
-1.382839,50,543.541797
-1.365589,50,543.678164
-1.322619,50,543.813645
-1.36027,50,543.95678
-1.260443,50,544.104972
-1.284137,50,544.243487
-1.280637,50,544.369169
-1.779176,50,544.521253
-1.374061,50,544.664004
-1.311988,50,544.802429
-1.229925,50,545.427444
-1.401063,50,545.630195
-1.34765,50,545.813155
-1.34769,50,546.028309
-1.129838,50,546.23392
-1.192682,50,546.3552
-1.149734,50,546.476727
-1.289183,50,546.603318
-1.261532,50,546.738159
-1.315967,50,546.890403
-1.517469,50,547.01699
-1.320793,50,547.137812
-1.417783,50,547.262296
-1.307177,50,547.390388
-1.463173,50,547.519052
-1.157839,50,547.650425
-1.505958,50,547.892977
-1.365536,50,548.026201
-1.423095,50,548.282787
-1.172009,50,548.422948
-1.448257,50,549.010871
-1.537886,50,549.247693
-1.320765,50,549.404206
-1.168036,50,549.55126
-1.395227,50,549.71301
-1.542382,50,549.943151
-1.204974,50,550.06546
-1.427148,50,550.195483
-1.230038,50,550.326347
-1.207329,50,550.458273
-1.372218,50,550.599564
-1.376354,50,550.759609
-1.465375,50,550.912974
-1.551518,50,551.051055
-1.321089,50,551.174417
-1.504369,50,551.296999
-1.22732,50,551.421672
-1.111308,50,551.545484
-1.170596,50,551.675162
-1.397609,50,551.799423
-1.300308,50,551.932198
-1.839515,50,552.547251
-1.489342,50,552.739157
-1.506859,50,552.911815
-1.558742,50,553.089119
-1.417189,50,553.258054
-1.316298,50,553.388281
-1.298153,50,553.506811
-1.463537,50,553.656757
-1.368244,50,553.793653
-1.275957,50,553.923851
-1.430748,50,554.048588
-1.371418,50,554.17118
-1.347406,50,554.296792
-1.252771,50,554.439406
-1.313418,50,554.575612
-1.425307,50,554.709644
-1.389913,50,554.839838
-1.533276,50,554.995885
-1.479839,50,555.131129
-1.392672,50,555.278277
-1.333328,50,555.793375
-1.742159,50,556.03013
-1.256811,50,556.184486
-1.341379,50,556.354574
-1.359932,50,556.505651
-1.414269,50,556.67837
-1.160235,50,556.808557
-1.374106,50,556.928315
-1.269155,50,557.049239
-1.433454,50,557.171432
-1.355717,50,557.292076
-1.371991,50,557.416742
-1.870964,50,557.552835
-1.252551,50,557.678606
-1.164207,50,557.806735
-1.551534,50,557.953486
-1.419431,50,558.08584
-1.481076,50,558.226721
-1.396613,50,558.358097
-1.280638,50,558.47694
-1.162009,50,558.602793
-1.432275,50,559.157026
-1.3502,50,559.335086
-1.350651,50,559.510065
-1.278794,50,559.671912
-1.513721,50,559.864873
-1.386274,50,560.03491
-1.318726,50,560.162084
-1.370942,50,560.316107
-1.408982,50,560.450683
-1.346715,50,560.571502
-1.466483,50,560.697174
-1.286665,50,560.832033
-1.842222,50,560.965267
-1.626222,50,561.104973
-1.272406,50,561.23684
-1.303331,50,561.361301
-1.366582,50,561.53219
-1.535581,50,561.886113
-1.165234,50,562.063734
-1.151026,50,562.185884
-1.461592,50,562.735471
-1.437662,50,562.948938
-1.610527,50,563.100383
-1.578595,50,563.316172
-1.295943,50,563.493842
-1.246072,50,563.642867
-1.518862,50,563.777305
-1.283036,50,563.900706
-1.255544,50,564.030815
-1.414423,50,564.166727
-1.766164,50,564.348765
-1.275236,50,564.47727
-1.152001,50,564.632233
-1.281283,50,564.759228
-1.119338,50,564.900329
-1.626951,50,565.042579
-1.219804,50,565.168428
-1.943272,50,565.318931
-1.530695,50,565.479193
-1.344723,50,565.608329
-1.304909,50,565.748878
-1.60292,50,566.395034
-1.202972,50,566.548658
-1.234375,50,566.736082
-1.332377,50,566.91253
-1.303683,50,567.07877
-1.504644,50,567.225312
-1.291357,50,567.398082
-1.318553,50,567.552346
-1.220636,50,567.671738
-1.411655,50,567.800712
-1.203606,50,567.950557
-1.280411,50,568.099958
-1.335646,50,568.275174
-1.164718,50,568.422767
-1.400327,50,568.546432
-1.626876,50,568.704825
-1.125017,50,568.838282
-1.24255,50,568.966569
-1.27223,50,569.075193
-1.36478,50,569.191248
-1.238191,50,569.814341
-1.190356,50,570.009638
-1.468345,50,570.136017
-1.271314,50,570.258755
-1.088662,50,570.393911
-1.271836,50,570.554311
-1.305078,50,570.732777
-1.36362,50,570.869725
-1.336344,50,570.982361
-1.416027,50,571.09268
-1.425979,50,571.225707
-1.349268,50,571.340809
-1.189286,50,571.565357
-1.259416,50,571.810562
-1.312814,50,572.094479
-1.504231,50,572.279492
-1.336229,50,572.47073
-1.293397,50,572.66688
-1.263902,50,572.819939
-1.334736,50,573.010475
-1.296901,50,573.133092
-1.471013,50,573.764521
-1.302819,50,573.999158
-1.264153,50,574.180629
-1.492288,50,574.363311
-1.262608,50,574.561954
-1.405392,50,574.692731
-1.213337,50,574.879691
-1.148394,50,575.053194
-1.563369,50,575.187144
-1.393415,50,575.33139
-1.290233,50,575.543406
-1.442809,50,575.695719
-1.401717,50,575.853487
-1.268555,50,576.101336
-1.408792,50,576.334773
-1.308615,50,576.491526
-1.351649,50,576.628307
-1.271697,50,576.778064
-1.379424,50,576.908004
-1.335757,50,577.034899
-1.167746,50,577.816916
-1.110893,50,578.143534
-1.257541,50,578.391994
-1.286112,50,578.618767
-1.228321,50,578.764434
-1.248975,50,578.93219
-1.388436,50,579.100189
-1.107715,50,579.229414
-1.313641,50,579.379997
-1.434967,50,579.499843
-1.394812,50,579.646199
-1.302448,50,579.801347
-1.238819,50,579.934829
-1.325951,50,580.066956
-1.204644,50,580.197184
-1.334037,50,580.321789
-1.331791,50,580.463486
-1.446055,50,580.598181
-1.140207,50,580.729771
-1.220517,50,580.873634
-1.249667,50,580.990094
-1.30758,50,581.692028
-1.258874,50,581.898232
-1.308881,50,582.081678
-1.202209,50,582.275459
-1.538818,50,582.429389
-1.382256,50,582.590654
-1.453819,50,582.730797
-1.280221,50,582.864381
-1.423938,50,582.994601
-1.443466,50,583.112588
-1.347505,50,583.244081
-1.486562,50,583.378538
-1.22509,50,583.509165
-1.267433,50,583.657146
-1.438125,50,583.792254
-1.187471,50,583.919263
-1.345933,50,584.036009
-1.471741,50,584.149956
-1.229252,50,584.283233
-1.286612,50,584.415399
-1.251547,50,584.986591
-1.218323,50,585.179586
-1.398237,50,585.338179
-1.349193,50,585.51616
-1.187783,50,585.670081
-1.353213,50,585.848373
-1.166409,50,585.995934
-1.426589,50,586.116832
-1.331533,50,586.239598
-1.459453,50,586.368772
-1.342458,50,586.48642
-1.289081,50,586.613805
-1.208985,50,586.745854
-1.192741,50,586.886261
-1.132635,50,586.998378
-1.308326,50,587.121693
-1.315171,50,587.253907
-1.231766,50,587.382347
-1.525864,50,587.515724
-1.203937,50,587.636406
-1.157233,50,587.776259
-1.322903,50,588.376163
-1.142565,50,588.521451
-1.506055,50,588.677773
-1.217214,50,588.859509
-1.341507,50,589.033206
-1.33254,50,589.188609
-1.068481,50,589.324043
-1.232769,50,589.472146
-1.201779,50,589.595449
-1.442578,50,589.722556
-1.301276,50,589.869632
-1.231799,50,589.988652
-1.24059,50,590.110596
-1.684619,50,590.252243
-1.073026,50,590.371899
-1.153264,50,590.498867
-1.264597,50,590.615471
-1.525404,50,590.743853
-1.091506,50,590.890476
-1.189134,50,591.022007
-1.361853,50,591.548878
-1.31398,50,591.744156
-1.16929,50,591.932736
-1.262546,50,592.083384
-1.118684,50,592.266255
-1.317656,50,592.435684
-1.327518,50,592.574358
-1.387667,50,592.691185
-1.516515,50,592.827416
-1.307888,50,592.954345
-1.449625,50,593.07399
-1.26174,50,593.197592
-1.18876,50,593.327621
-1.219197,50,593.46415
-1.268726,50,593.593286
-1.093003,50,593.729232
-1.272312,50,593.858742
-1.364999,50,594.021809
-1.236118,50,594.18234
-1.240407,50,594.327989
-1.415234,50,594.49127
-1.511238,50,595.17692
-1.332319,50,595.39932
-1.439814,50,595.651649
-1.347583,50,595.87342
-1.195472,50,596.054927
-1.406903,50,596.185026
-1.301804,50,596.321662
-1.312653,50,596.4655
-1.601958,50,596.618317
-1.209331,50,596.765024
-1.237018,50,596.899613
-1.375845,50,597.049277
-1.302728,50,597.191377
-1.314811,50,597.3484
-1.269447,50,597.488333
-1.329845,50,597.632581
-1.239957,50,597.781433
-1.289281,50,597.911725
-1.374091,50,598.066625
-1.475463,50,598.256337
-1.442722,50,599.153714
-1.390287,50,599.314571
-1.208488,50,599.46054
-1.395252,50,599.643359
-1.346969,50,599.859686
-1.188167,50,599.980788
-1.033791,50,600.125664
-1.289547,50,600.35733
-1.183906,50,600.483418
-1.378539,50,600.61322
-1.323247,50,600.743202
-1.326481,50,600.879979
-1.354809,50,600.996823
-1.278627,50,601.108403
-1.398301,50,601.245301
-1.34362,50,601.37805
-1.233998,50,601.488506
-1.377851,50,601.696424
-1.39417,50,601.814797
-1.306085,50,601.956334
-1.15195,50,602.613378
-2.044503,50,602.965371
-1.178395,50,603.193903
-1.12309,50,603.404248
-1.32939,50,603.566755
-1.249713,50,603.73862
-1.316223,50,603.947846
-1.354066,50,604.09375
-1.162724,50,604.237325
-1.257317,50,604.359979
-1.279187,50,604.485487
-1.266571,50,604.634759
-1.329176,50,604.777727
-1.441272,50,604.944143
-1.183355,50,605.064153
-1.289711,50,605.208036
-1.422773,50,605.374356
-1.943486,50,605.517977
-1.278231,50,605.687946
-1.192013,50,605.896428
-1.315006,50,606.05882
-1.246652,50,606.94681
-1.10297,50,607.306829
-1.105525,50,607.620304
-1.149191,50,607.790866
-1.358258,50,607.988045
-1.425517,50,608.163743
-1.23468,50,608.340079
-1.40481,50,608.481405
-1.205351,50,608.656743
-1.242634,50,608.798492
-1.282714,50,608.933299
-1.198575,50,609.06234
-1.115912,50,609.198727
-1.375581,50,609.323754
-1.404141,50,609.441264
-1.175977,50,609.569381
-1.188383,50,609.696703
-1.362027,50,609.839105
-1.098142,50,609.962801
-1.283857,50,610.090411
-1.870176,50,610.614763
-1.396688,50,610.837173
-1.262536,50,611.012294
-1.14861,50,611.175185
-1.306483,50,611.352764
-1.588617,50,611.502382
-1.230493,50,611.642203
-1.489393,50,611.770533
-1.216397,50,611.944022
-1.228758,50,612.069679
-1.362346,50,612.216853
-1.065593,50,612.360226
-1.11101,50,612.502708
-1.190327,50,612.625453
-1.284785,50,612.794235
-1.130652,50,612.94277
-1.219753,50,613.101467
-1.233559,50,613.237316
-1.378505,50,613.377961
-1.214973,50,613.557716
-1.443153,50,613.758855
-1.247336,50,614.496634
-1.096885,50,614.725062
-1.222462,50,614.993069
-1.335017,50,615.210066
-1.228548,50,615.342402
-1.007073,50,615.519994
-1.381459,50,615.668488
-1.028838,50,615.799134
-1.200499,50,615.923162
-1.217924,50,616.060513
-1.238519,50,616.184741
-1.333209,50,616.314803
-1.135747,50,616.440721
-1.401841,50,616.607182
-1.201719,50,616.729105
-1.320488,50,616.882226
-1.239061,50,617.014812
-1.169451,50,617.148911
-1.057551,50,617.288142
-1.326076,50,617.440304
-1.250335,50,618.075858
-1.091025,50,618.324422
-1.171613,50,618.56619
-1.433807,50,618.752025
-1.209737,50,618.979187
-1.248691,50,619.112839
-1.225852,50,619.235461
-1.283193,50,619.375294
-1.306044,50,619.511887
-1.253514,50,619.659255
-1.359238,50,619.847644
-1.274146,50,620.041527
-1.126176,50,620.183517
-1.455674,50,620.382014
-1.378425,50,620.639469
-1.287273,50,620.90284
-1.375838,50,621.027875
-1.666722,50,621.196774
-1.134979,50,621.330992
-1.132869,50,621.541661
-1.431254,50,621.708195
-1.105456,50,622.768253
-1.163129,50,623.006403
-1.291436,50,623.166446
-1.226948,50,623.322931
-1.327084,50,623.484078
-1.223354,50,623.645564
-1.360191,50,623.781412
-1.465744,50,623.951985
-1.37018,50,624.098294
-1.226024,50,624.221107
-1.172158,50,624.352607
-1.069577,50,624.520038
-1.424285,50,624.711837
-1.489442,50,624.94764
-1.225464,50,625.213449
-1.306079,50,625.464981
-1.308896,50,625.640056
-1.274187,50,625.866739
-1.146498,50,626.137843
-1.341676,50,626.332201
-1.39894,50,627.01094
-1.163002,50,627.24727
-1.460463,50,627.408189
-1.400176,50,627.576927
-1.939426,50,627.759514
-1.354177,50,627.912773
-1.191026,50,628.034392
-1.215731,50,628.164263
-1.209847,50,628.282827
-1.216307,50,628.428931
-1.284248,50,628.565933
-1.065524,50,628.696322
-1.111314,50,628.841127
-1.27455,50,628.997866
-1.144677,50,629.12542
-1.405,50,629.240844
-1.338387,50,629.367935
-1.219652,50,629.497424
-1.518266,50,629.647934
-1.189461,50,629.784987
-1.200996,50,629.92938
-1.188402,50,630.44573
-1.086049,50,630.596546
-1.163465,50,630.763589
-1.12003,50,630.959417
-1.199749,50,631.13
-1.248252,50,631.273241
-1.170863,50,631.426876
-1.155945,50,631.551471
-1.363935,50,631.687814
-1.383817,50,631.806159
-1.451324,50,631.973603
-1.190705,50,632.114115
-1.133411,50,632.405396
-1.205362,50,632.591714
-1.097821,50,632.760743
-1.34977,50,632.924078
-1.435911,50,633.09844
-1.26928,50,633.223029
-1.12675,50,633.377243
-1.31596,50,633.523636
-1.139318,50,634.282015
-1.1677,50,634.625341
-1.363954,50,634.927037
-1.308765,50,635.244921
-1.212494,50,635.507128
-1.075699,50,635.78191
-1.140098,50,636.075392
-1.313972,50,636.342098
-1.037005,50,636.555138
-1.282551,50,636.718758
-1.043967,50,636.941409
-1.359294,50,637.164446
-1.922097,50,637.446722
-1.461479,50,637.750081
-1.37672,50,638.09883
-1.146541,50,638.27501
-1.252314,50,638.557847
-1.222114,50,638.782341
-1.008577,50,639.063496
-1.17885,50,639.260331
-1.367318,50,639.402495
-1.360489,50,639.998714
-1.147899,50,640.159486
-1.245934,50,640.318936
-1.095727,50,640.560387
-1.11394,50,640.828968
-1.112176,50,641.21821
-1.24723,50,641.399199
-1.319567,50,641.546257
-1.066664,50,641.739513
-1.346952,50,641.9889
-1.448518,50,642.209302
-1.391122,50,642.449106
-1.371454,50,642.834959
-1.233594,50,643.131021
-1.146536,50,643.352307
-1.20294,50,643.584378
-1.259595,50,643.753081
-1.192148,50,643.951075
-1.274862,50,644.149775
-1.887979,50,644.323169
-1.429474,50,645.114791
-1.126026,50,645.409909
-1.14735,50,645.596699
-1.052093,50,645.807181
-2.065857,50,645.995777
-1.110745,50,646.121171
-0.982516,50,646.263913
-1.297787,50,646.391992
-1.334239,50,646.52808
-1.30831,50,646.697547
-1.314666,50,646.934751
-1.334834,50,647.131856
-1.117363,50,647.324508
-1.124204,50,647.458287
-1.266084,50,647.579028
-1.083664,50,647.714968
-1.194603,50,647.846369
-1.274204,50,647.974658
-1.273744,50,648.114809
-1.126463,50,648.266191
-1.318463,50,648.56812
-1.342226,50,649.389179
-1.171241,50,649.543924
-1.282332,50,649.699641
-1.264087,50,649.966598
-1.25551,50,650.199621
-1.200919,50,650.437086
-1.47883,50,650.624304
-1.305998,50,650.736641
-1.730563,50,650.885869
-1.14844,50,651.003612
-1.111247,50,651.124647
-1.43378,50,651.250854
-1.488168,50,651.41042
-1.232586,50,651.542965
-1.290536,50,651.729812
-1.339578,50,651.997647
-1.292086,50,652.233038
-1.337755,50,652.369516
-1.197088,50,652.50371
-1.253441,50,652.628615
-1.154134,50,653.145667
-1.297776,50,653.342911
-1.190127,50,653.512732
-1.249545,50,653.66408
-1.254563,50,653.821904
-0.965477,50,654.016633
-1.269115,50,654.166938
-1.386482,50,654.291016
-1.287094,50,654.42901
-1.362028,50,654.558619
-1.149491,50,654.696207
-1.277081,50,654.827247
-1.180232,50,654.963191
-1.318932,50,655.089236
-1.210673,50,655.208649
-1.269774,50,655.342506
-1.306017,50,655.488056
-1.44405,50,655.634544
-1.225656,50,655.771025
-1.176469,50,655.916377
-1.12823,50,656.032492
-1.367987,50,656.609648
-1.381801,50,656.772598
-1.359724,50,656.963747
-1.384255,50,657.119812
-1.264999,50,657.288384
-1.356835,50,657.442931
-1.144875,50,657.573164
-1.164285,50,657.714781
-1.119585,50,657.86415
-1.352113,50,658.002606
-1.27003,50,658.132422
-1.233124,50,658.277428
-1.184156,50,658.42296
-1.257454,50,658.546552
-1.158241,50,658.673228
-1.512667,50,658.826843
-1.158118,50,658.952233
-1.366595,50,659.07684
-1.253077,50,659.204327
-1.054002,50,659.337278
-1.280194,50,659.98627
-1.195439,50,660.215249
-1.055923,50,660.365908
-1.094044,50,660.549333
-1.274893,50,660.705365
-1.18881,50,660.861305
-1.950075,50,661.002456
-1.244951,50,661.136267
-1.249816,50,661.25456
-1.226094,50,661.374559
-1.258419,50,661.511307
-1.117799,50,661.636982
-1.255097,50,661.763102
-1.182173,50,661.894182
-1.908767,50,662.053391
-1.095269,50,662.192586
-1.296974,50,662.323004
-1.358108,50,662.474191
-1.418966,50,662.604273
-1.228245,50,662.73466
-1.248613,50,662.876576
-1.346213,50,663.563437
-1.052305,50,663.799175
-1.170201,50,664.02141
-1.178913,50,664.28044
-1.240681,50,664.432092
-1.301617,50,664.573223
-1.436936,50,664.734958
-1.258065,50,664.906834
-1.335638,50,665.072203
-1.008807,50,665.219051
-1.122014,50,665.361078
-1.25126,50,665.566533
-1.069636,50,665.726472
-1.229656,50,665.895211
-1.088116,50,666.039941
-0.989799,50,666.185184
-1.672232,50,666.344915
-1.250402,50,666.477752
-1.304602,50,666.610464
-1.313288,50,666.762313
-1.258631,50,667.462974
-1.886682,50,667.78736
-1.216269,50,668.101429
-1.275427,50,668.357176
-1.272035,50,668.580554
-1.17121,50,668.834858
-1.06159,50,669.06816
-1.308311,50,669.195233
-1.171773,50,669.314688
-1.134222,50,669.457026
-1.054346,50,669.59315
-1.103185,50,669.717965
-1.049188,50,669.844556
-1.1586,50,669.990993
-1.036651,50,670.143937
-1.134094,50,670.274623
-1.333464,50,670.39895
-1.415452,50,670.535228
-1.148501,50,670.683406
-1.7097,50,670.824901
-1.68392,50,671.011585
-1.143742,50,671.732394
-1.150687,50,671.9765
-1.26801,50,672.216532
-1.091883,50,672.407077
-1.265631,50,672.539566
-1.295275,50,672.665988
-1.112325,50,672.795004
-1.198952,50,672.945834
-1.11751,50,673.067359
-1.14201,50,673.208602
-1.29805,50,673.338129
-1.750289,50,673.491114
-1.34497,50,673.631826
-1.121687,50,673.758199
-1.325946,50,673.904466
-1.85375,50,674.053054
-1.090479,50,674.199881
-1.465184,50,674.419337
-1.232672,50,674.645189
-1.37106,50,674.928068
-1.516381,50,675.64728
-1.540212,50,675.977414
-1.257164,50,676.193892
-1.194952,50,676.402788
-1.244271,50,676.590106
-1.316128,50,676.725251
-1.306172,50,676.875105
-1.254741,50,677.009512
-1.203666,50,677.156914
-1.20895,50,677.293149
-1.255364,50,677.452858
-1.205257,50,677.594018
-1.52462,50,677.748112
-1.157503,50,677.902692
-1.166924,50,678.06136
-1.253778,50,678.187841
-1.308753,50,678.31719
-1.253807,50,678.450416
-1.227019,50,678.577937
-1.344369,50,678.714818
-1.069107,50,678.849323
-1.746789,50,679.571855
-1.169058,50,679.759472
-1.234025,50,680.004021
-1.194942,50,680.22727
-1.440778,50,680.375676
-1.362599,50,680.508333
-1.359108,50,680.640564
-1.16782,50,680.770634
-1.229677,50,680.916648
-1.226282,50,681.062686
-1.050764,50,681.190077
-1.320313,50,681.32335
-1.189175,50,681.454774
-1.224564,50,681.584139
-1.237594,50,681.709929
-1.608223,50,681.867237
-1.296413,50,681.995691
-1.276558,50,682.132841
-1.124151,50,682.301044
-1.073435,50,682.450062
-1.236985,50,683.117575
-1.164713,50,683.335713
-1.116833,50,683.568124
-1.16805,50,683.763453
-1.42781,50,683.968641
-1.064269,50,684.107334
-1.100219,50,684.246453
-1.440488,50,684.374331
-1.313048,50,684.518935
-1.019183,50,684.646764
-1.228417,50,684.807707
-1.210309,50,684.957376
-1.220145,50,685.077552
-1.307015,50,685.23893
-1.240285,50,685.372827
-1.172359,50,685.515824
-1.010992,50,685.644569
-1.307057,50,685.780519
-1.195208,50,685.923486
-1.061761,50,686.066094
-1.248566,50,686.211862
-1.154959,50,686.890186
-1.219101,50,687.103371
-1.424438,50,687.344928
-1.055377,50,687.578735
-1.280405,50,687.745865
-1.03999,50,687.878767
-1.223585,50,688.029034
-1.263169,50,688.147325
-1.22286,50,688.27238
-1.157355,50,688.388355
-1.19101,50,688.518875
-1.373069,50,688.633372
-1.592226,50,688.781188
-1.242664,50,688.929973
-1.161263,50,689.04606
-1.301173,50,689.154748
-1.126675,50,689.275115
-1.250968,50,689.408994
-1.120436,50,689.529707
-1.15102,50,689.6457
-1.378302,50,690.486651
-1.157278,50,690.710314
-1.140188,50,690.934888
-1.138818,50,691.144414
-1.16912,50,691.258257
-1.312684,50,691.568355
-1.119315,50,691.783568
-1.071195,50,691.917432
-1.127264,50,692.108884
-1.644263,50,692.468463
-1.201179,50,692.648323
-1.48375,50,692.850629
-1.258346,50,693.033886
-1.202288,50,693.21279
-1.449582,50,693.408921
-1.060939,50,693.589609
-1.112195,50,693.772112
-1.653979,50,693.989329
-1.225178,50,694.215123
-1.137878,50,694.427272
-1.150867,50,694.680725
-1.167424,50,695.601515
-1.090214,50,695.866857
-1.287526,50,696.152208
-1.189659,50,696.335124
-1.11705,50,696.526629
-1.195094,50,696.807854
-1.207617,50,697.094624
-1.136403,50,697.30367
-1.183877,50,697.485733
-0.995151,50,697.664153
-1.311395,50,697.897391
-1.110956,50,698.241011
-1.380602,50,698.424937
-1.309544,50,698.640862
-1.158274,50,698.80968
-1.218071,50,699.033686
-1.160054,50,699.291743
-1.212034,50,699.705351
-1.103304,50,699.983734
-1.188795,50,700.171143
-0.99125,50,700.928201
-1.208373,50,701.218368
-1.227398,50,701.496794
-1.187398,50,701.733574
-1.077881,50,701.957243
-1.154292,50,702.133222
-1.227801,50,702.311367
-1.114373,50,702.499576
-0.928687,50,702.70635
-1.039986,50,702.863426
-1.27641,50,703.039284
-1.296643,50,703.229393
-1.119069,50,703.382661
-1.11465,50,703.543787
-1.177759,50,703.734743
-1.034056,50,703.977073
-1.024856,50,704.149305
-1.055405,50,704.318826
-1.250048,50,704.605565
-1.114081,50,704.858924
-1.384576,50,705.535481
-1.041307,50,705.830105
-0.994723,50,706.127821
-1.25563,50,706.373085
-1.203849,50,706.566659
-1.21899,50,706.755162
-1.242245,50,706.954245
-1.21836,50,707.125189
-1.638359,50,707.349804
-1.181056,50,707.557711
-1.009407,50,707.768389
-1.678048,50,708.002783
-1.193977,50,708.17107
-1.087793,50,708.342927
-1.339648,50,708.520096
-1.902118,50,708.714532
-1.124762,50,708.880447
-1.181803,50,709.073949
-1.253258,50,709.238328
-1.145845,50,709.420531
-1.063234,50,709.599023
-1.183809,50,710.404119
-1.30154,50,710.746824
-1.235606,50,711.0668
-1.367306,50,711.401781
-1.151676,50,711.76346
-1.239829,50,712.119262
-1.242353,50,712.467512
-1.105238,50,712.840924
-1.121513,50,713.239818
-1.310045,50,713.542214
-1.270925,50,713.876163
-1.021188,50,714.19879
-1.227281,50,714.507998
-1.013549,50,714.827131
-1.338402,50,715.146237
-1.089796,50,715.546112
-1.161829,50,715.857428
-1.241633,50,716.207249
-1.229058,50,716.495586
-1.090128,50,716.843725
-1.22539,50,717.781008
-1.06857,50,718.120613
-1.335916,50,718.504358
-1.181064,50,718.889006
-1.261477,50,719.125072
-1.130935,50,719.327334
-1.267323,50,719.527069
-1.038737,50,719.743031
-1.239398,50,719.974747
-1.234777,50,720.168175
-1.321472,50,720.391151
-1.211261,50,720.653006
-1.366419,50,720.897202
-1.195807,50,721.140871
-1.102165,50,721.374911
-1.276459,50,721.587463
-1.200931,50,721.792727
-1.199746,50,722.046574
-1.091066,50,722.33632
-1.177626,50,722.543206
-1.136107,50,722.729593
-1.294285,50,723.472434
-1.220247,50,723.797602
-1.1409,50,724.120658
-1.038162,50,724.346043
-1.358504,50,724.518873
-1.195312,50,724.705015
-1.312154,50,724.990891
-1.075073,50,725.28665
-1.158379,50,725.478776
-1.255585,50,725.676268
-1.220922,50,725.845259
-1.120085,50,726.06567
-1.405322,50,726.268416
-1.154752,50,726.442533
-1.175984,50,726.613684
-1.198516,50,726.824826
-1.159412,50,727.055493
-1.051713,50,727.217041
-1.187461,50,727.398722
-1.140556,50,727.576839
-1.183003,50,728.231507
-1.11342,50,728.581078
-1.216744,50,728.921721
-1.198569,50,729.191871
-1.101407,50,729.363644
-1.368903,50,729.524265
-1.065309,50,729.68464
-1.092713,50,729.862774
-1.17032,50,730.05101
-1.435101,50,730.242956
-1.138135,50,730.420998
-1.184747,50,730.592401
-1.355117,50,730.774748
-1.090302,50,730.947163
-1.081318,50,731.12483
-1.155167,50,731.278944
-1.245814,50,731.460768
-1.207752,50,731.628495
-1.302859,50,731.776505
-0.996972,50,731.950672
-1.158362,50,732.13323
-1.218956,50,732.930763
-1.302179,50,733.208927
-1.170008,50,733.415983
-1.174148,50,733.625608
-1.006582,50,733.759356
-1.306597,50,733.944657
-1.039145,50,734.118954
-0.850706,50,734.295761
-1.055912,50,734.466156
-1.153282,50,734.626155
-1.100042,50,734.800329
-1.230925,50,735.095834
-1.082901,50,735.271532
-1.085318,50,735.453957
-1.209929,50,735.638179
-1.139142,50,735.807569
-1.278775,50,735.972291
-1.255145,50,736.261133
-1.099333,50,736.421075
-1.12381,50,736.580112
-1.171147,50,737.167354
-1.062266,50,737.383756
-1.054796,50,737.573406
-1.090921,50,737.741997
-1.264836,50,737.985102
-1.090644,50,738.20247
-1.11813,50,738.353456
-1.276475,50,738.54034
-1.145071,50,738.71374
-1.217775,50,738.901477
-1.383406,50,739.04667
-0.968772,50,739.22222
-1.113884,50,739.386411
-1.148159,50,739.54906
-1.251563,50,739.699161
-1.188868,50,739.839453
-1.086128,50,740.005007
-1.1241,50,740.170253
-1.136954,50,740.332736
-1.061791,50,740.474163
-1.322259,50,740.618947
-1.029082,50,741.131845
-1.313501,50,741.358075
-1.028071,50,741.541974
-1.136619,50,741.741776
-1.174245,50,741.937089
-1.071548,50,742.124429
-1.051741,50,742.289017
-1.362507,50,742.471812
-1.250178,50,742.615063
-1.128485,50,742.765102
-1.324209,50,742.924505
-1.143762,50,743.077899
-1.166567,50,743.232043
-1.078982,50,743.388474
-1.217523,50,743.536171
-1.302981,50,743.686747
-1.277582,50,743.93532
-1.201507,50,744.102415
-1.292052,50,744.275434
-1.106547,50,744.424322
-1.25517,50,744.968287
-1.148999,50,745.167188
-0.952101,50,745.34423
-1.387706,50,745.548984
-1.186783,50,745.710036
-1.030583,50,745.873774
-1.037114,50,746.031637
-1.200818,50,746.195516
-1.202146,50,746.356579
-1.017594,50,746.505077
-1.121531,50,746.655177
-1.253195,50,746.812452
-1.125025,50,746.98475
-1.056132,50,747.143683
-1.039989,50,747.299955
-1.008882,50,747.477208
-1.217523,50,747.625441
-1.086283,50,747.770385
-1.115905,50,747.925641
-1.007544,50,748.097417
-1.15485,50,748.267052
-1.363766,50,748.828213
-1.211596,50,749.038222
-1.150907,50,749.172778
-1.090988,50,749.301383
-1.167839,50,749.427621
-1.299448,50,749.5765
-1.343253,50,749.705308
-1.173234,50,749.821829
-1.225533,50,749.978304
-1.371666,50,750.105104
-1.918371,50,750.253576
-0.917856,50,750.377132
-1.215764,50,750.510534
-1.138979,50,750.64988
-1.056152,50,750.774746
-1.437266,50,750.928858
-1.272685,50,751.073317
-1.218973,50,751.205072
-1.240121,50,751.350191
-1.118108,50,751.478356
-1.089467,50,751.946942
-1.650304,50,752.152319
-1.155489,50,752.362302
-1.239976,50,752.558373
-1.034224,50,752.739726
-1.132528,50,752.938897
-1.872571,50,753.115771
-1.199504,50,753.281134
-1.022433,50,753.446682
-1.132003,50,753.644138
-1.077575,50,753.798049
-1.120443,50,753.96339
-1.205894,50,754.136451
-1.15478,50,754.304688
-1.309902,50,754.479168
-0.990727,50,754.668186
-1.051651,50,754.835726
-1.116188,50,754.997013
-1.245415,50,755.174569
-0.984112,50,755.335794
-0.920458,50,755.494559
-1.153525,50,756.141967
-1.212523,50,756.393434
-1.339797,50,756.619983
-1.031932,50,756.816942
-1.081095,50,757.031465
-1.076601,50,757.191897
-1.055466,50,757.347146
-1.271106,50,757.504241
-1.204788,50,757.6628
-1.081014,50,757.82233
-0.969841,50,757.988409
-1.239731,50,758.15341
-0.934729,50,758.333373
-1.190466,50,758.50436
-1.154938,50,758.649894
-1.103912,50,758.818085
-1.238083,50,758.985076
-1.251383,50,759.156327
-1.170452,50,759.337566
-1.892477,50,759.524602
-1.195592,50,760.094088
-1.028488,50,760.305227
-1.089511,50,760.491701
-1.184218,50,760.697609
-1.045132,50,760.93468
-1.21952,50,761.117765
-1.069494,50,761.271335
-1.153213,50,761.437582
-1.075466,50,761.594339
-1.291598,50,761.740858
-1.115301,50,761.902416
-1.152212,50,762.057545
-1.033852,50,762.221539
-1.134796,50,762.380481
-1.109671,50,762.545546
-0.943559,50,762.717434
-1.241865,50,762.884271
-1.069541,50,763.032038
-1.059319,50,763.174952
-1.174476,50,763.328742
-0.969792,50,763.491829
-1.281161,50,764.16679
-1.030921,50,764.399441
-1.028103,50,764.634031
-1.354107,50,764.860983
-1.115543,50,765.030964
-1.114636,50,765.172491
-1.130283,50,765.340057
-1.049535,50,765.506815
-1.114621,50,765.671227
-1.033627,50,765.827002
-1.142846,50,765.980646
-1.090358,50,766.141561
-1.280268,50,766.316534
-1.230484,50,766.483692
-1.090393,50,766.64661
-1.09764,50,766.823582
-1.000631,50,766.970729
-1.236805,50,767.144267
-1.146619,50,767.292197
-1.277091,50,767.446477
-1.213497,50,768.010661
-1.185141,50,768.196197
-0.985119,50,768.360162
-1.293382,50,768.532833
-1.141695,50,768.713888
-1.079281,50,768.906874
-1.233041,50,769.081067
-1.273518,50,769.240165
-1.104925,50,769.406008
-1.091356,50,769.59119
-1.154818,50,769.766686
-1.751417,50,769.939295
-1.028202,50,770.089278
-1.000628,50,770.23719
-1.364327,50,770.415451
-1.424629,50,770.591513
-1.045865,50,770.740801
-1.262211,50,770.906975
-1.14404,50,771.068426
-1.078402,50,771.214895
-1.065189,50,771.386913
-1.073346,50,771.985734
-1.020305,50,772.165125
-0.991382,50,772.335869
-1.020681,50,772.487107
-1.288187,50,772.670469
-1.276135,50,772.837026
-1.01565,50,773.002331
-1.107714,50,773.169573
-1.063481,50,773.32389
-0.99561,50,773.483258
-1.129841,50,773.656711
-1.149836,50,773.820787
-1.147999,50,773.97795
-1.21066,50,774.128366
-1.274627,50,774.282362
-1.033445,50,774.42607
-1.026346,50,774.587218
-1.295392,50,774.776216
-1.186998,50,774.955761
-1.048696,50,775.117243
-1.040074,50,775.663557
-1.161339,50,775.869624
-1.074464,50,776.06652
-1.086579,50,776.269638
-1.446096,50,776.472089
-1.871414,50,776.677372
-1.07881,50,776.829253
-1.249959,50,777.010938
-1.047623,50,777.165735
-1.17117,50,777.313181
-1.208876,50,777.468463
-1.119587,50,777.632873
-1.485537,50,777.821143
-1.071963,50,777.998586
-0.961469,50,778.166464
-1.032648,50,778.332452
-0.967049,50,778.494178
-1.035158,50,778.654001
-1.295116,50,778.813454
-1.278823,50,778.99649
-1.285189,50,779.129352
-0.97562,50,779.59224
-1.098912,50,779.744354
-1.073057,50,779.878912
-1.146298,50,780.025709
-0.998337,50,780.149825
-1.180742,50,780.28515
-1.184356,50,780.409221
-0.955691,50,780.540566
-1.091533,50,780.71168
-1.098238,50,780.887575
-1.065558,50,781.047545
-1.209247,50,781.211451
-0.9661,50,781.371356
-1.12447,50,781.532558
-0.984655,50,781.689929
-1.053241,50,781.861089
-1.003446,50,782.029936
-1.214245,50,782.189839
-1.157865,50,782.356275
-1.020648,50,782.524951
-1.1035,50,783.121215
-1.047867,50,783.396264
-1.076742,50,783.623168
-1.200938,50,783.816504
-1.136975,50,784.046245
-1.250879,50,784.230566
-0.986209,50,784.383559
-1.062108,50,784.562551
-1.197002,50,784.722175
-1.284066,50,784.874345
-1.26308,50,785.058665
-1.149333,50,785.212093
-1.352999,50,785.389487
-1.065618,50,785.550232
-1.606036,50,785.739214
-1.081604,50,785.903766
-0.959492,50,786.060048
-1.064426,50,786.226145
-1.229724,50,786.400655
-1.08812,50,786.553689
-1.232113,50,786.724483
